ProductID;Name;ProductNumber;Color;StandardCost;ListPrice;Size;Weight;ProductCategoryID;ProductModelID;SellStartDate;SellEndDate;DiscontinuedDate;ThumbNailPhoto;ThumbnailPhotoFileName;rowguid;ModifiedDate
680;HL Road Frame - Black, 58;FR-R92B-58;Black;1059.3100;1431.5000;58;1016.04;18;6;01-06-2002;;;net.sourceforge.jtds.jdbc.BlobImpl@7946e1f4;no_image_available_small.gif;43DD68D6-14A4-461F-9069-55309D90EA7E;11-03-2008
706;HL Road Frame - Red, 58;FR-R92R-58;Red;1059.3100;1431.5000;58;1016.04;18;6;01-06-2002;;;net.sourceforge.jtds.jdbc.BlobImpl@3c09711b;no_image_available_small.gif;9540FF17-2712-4C90-A3D1-8CE5568B2462;11-03-2008
707;Sport-100 Helmet, Red;HL-U509-R;Red;13.0863;34.9900;;;35;33;01-07-2005;;;net.sourceforge.jtds.jdbc.BlobImpl@5cc7c2a6;no_image_available_small.gif;2E1EF41A-C08A-4FF6-8ADA-BDE58B64A712;11-03-2008
708;Sport-100 Helmet, Black;HL-U509;Black;13.0863;34.9900;;;35;33;01-07-2005;;;net.sourceforge.jtds.jdbc.BlobImpl@b97c004;no_image_available_small.gif;A25A44FB-C2DE-4268-958F-110B8D7621E2;11-03-2008
709;Mountain Bike Socks, M;SO-B909-M;White;3.3963;9.5000;M;;27;18;01-07-2005;30-06-2006;;net.sourceforge.jtds.jdbc.BlobImpl@4590c9c3;no_image_available_small.gif;18F95F47-1540-4E02-8F1F-CC1BCB6828D0;11-03-2008
710;Mountain Bike Socks, L;SO-B909-L;White;3.3963;9.5000;L;;27;18;01-07-2005;30-06-2006;;net.sourceforge.jtds.jdbc.BlobImpl@32e6e9c3;no_image_available_small.gif;161C035E-21B3-4E14-8E44-AF508F35D80A;11-03-2008
711;Sport-100 Helmet, Blue;HL-U509-B;Blue;13.0863;34.9900;;;35;33;01-07-2005;;;net.sourceforge.jtds.jdbc.BlobImpl@5056dfcb;no_image_available_small.gif;FD7C0858-4179-48C2-865B-ABD5DFC7BC1D;11-03-2008
712;AWC Logo Cap;CA-1098;Multi;6.9223;8.9900;;;23;2;01-07-2005;;;net.sourceforge.jtds.jdbc.BlobImpl@6574b225;no_image_available_small.gif;B9EDE243-A6F4-4629-B1D4-FFE1AEDC6DE7;11-03-2008
713;Long-Sleeve Logo Jersey, S;LJ-0192-S;Multi;38.4923;49.9900;S;;25;11;01-07-2005;;;net.sourceforge.jtds.jdbc.BlobImpl@2669b199;awc_jersey_male_small.gif;FD449C82-A259-4FAE-8584-6CA0255FAF68;11-03-2008
714;Long-Sleeve Logo Jersey, M;LJ-0192-M;Multi;38.4923;49.9900;M;;25;11;01-07-2005;;;net.sourceforge.jtds.jdbc.BlobImpl@2344fc66;awc_jersey_male_small.gif;6A290063-A0CF-432A-8110-2EA0FDA14308;11-03-2008
715;Long-Sleeve Logo Jersey, L;LJ-0192-L;Multi;38.4923;49.9900;L;;25;11;01-07-2005;;;net.sourceforge.jtds.jdbc.BlobImpl@458ad742;awc_jersey_male_small.gif;34CF5EF5-C077-4EA0-914A-084814D5CBD5;11-03-2008
716;Long-Sleeve Logo Jersey, XL;LJ-0192-X;Multi;38.4923;49.9900;XL;;25;11;01-07-2005;;;net.sourceforge.jtds.jdbc.BlobImpl@5afa04c;awc_jersey_male_small.gif;6EC47EC9-C041-4DDA-B686-2125D539CE9B;11-03-2008
717;HL Road Frame - Red, 62;FR-R92R-62;Red;868.6342;1431.5000;62;1043.26;18;6;01-07-2005;;;net.sourceforge.jtds.jdbc.BlobImpl@6ea12c19;no_image_available_small.gif;052E4F8B-0A2A-46B2-9F42-10FEBCFAE416;11-03-2008
718;HL Road Frame - Red, 44;FR-R92R-44;Red;868.6342;1431.5000;44;961.61;18;6;01-07-2005;;;net.sourceforge.jtds.jdbc.BlobImpl@6a024a67;no_image_available_small.gif;A88D3B54-2CAE-43F2-8C6E-EA1D97B46A7C;11-03-2008
719;HL Road Frame - Red, 48;FR-R92R-48;Red;868.6342;1431.5000;48;979.75;18;6;01-07-2005;;;net.sourceforge.jtds.jdbc.BlobImpl@7921b0a2;no_image_available_small.gif;07BEFC9A-7634-402B-B234-D7797733BAAF;11-03-2008
720;HL Road Frame - Red, 52;FR-R92R-52;Red;868.6342;1431.5000;52;997.90;18;6;01-07-2005;;;net.sourceforge.jtds.jdbc.BlobImpl@174d20a;no_image_available_small.gif;FCFEA68F-310E-4E6E-9F99-BB17D011EBAE;11-03-2008
721;HL Road Frame - Red, 56;FR-R92R-56;Red;868.6342;1431.5000;56;1016.04;18;6;01-07-2005;;;net.sourceforge.jtds.jdbc.BlobImpl@66d2e7d9;no_image_available_small.gif;56C85873-4993-41B4-8096-1067CFD7E4BD;11-03-2008
722;LL Road Frame - Black, 58;FR-R38B-58;Black;204.6251;337.2200;58;1115.83;18;9;01-07-2005;;;net.sourceforge.jtds.jdbc.BlobImpl@1efbd816;no_image_available_small.gif;2140F256-F705-4D67-975D-32DE03265838;11-03-2008
723;LL Road Frame - Black, 60;FR-R38B-60;Black;204.6251;337.2200;60;1124.90;18;9;01-07-2005;;;net.sourceforge.jtds.jdbc.BlobImpl@6a2bcfcb;no_image_available_small.gif;AA95E2A5-E7C4-4B74-B1EA-B52EE3B51537;11-03-2008
724;LL Road Frame - Black, 62;FR-R38B-62;Black;204.6251;337.2200;62;1133.98;18;9;01-07-2005;;;net.sourceforge.jtds.jdbc.BlobImpl@4de8b406;no_image_available_small.gif;5247BE33-50BF-4527-8A30-A39AAE500A8E;11-03-2008
725;LL Road Frame - Red, 44;FR-R38R-44;Red;187.1571;337.2200;44;1052.33;18;9;01-07-2005;30-06-2007;;net.sourceforge.jtds.jdbc.BlobImpl@3c756e4d;no_image_available_small.gif;137D319D-44AD-42B2-AB61-60B9CE52B5F2;11-03-2008
726;LL Road Frame - Red, 48;FR-R38R-48;Red;187.1571;337.2200;48;1070.47;18;9;01-07-2005;30-06-2007;;net.sourceforge.jtds.jdbc.BlobImpl@7c0e2abd;no_image_available_small.gif;35213547-275F-4767-805D-C8A4B8E13745;11-03-2008
727;LL Road Frame - Red, 52;FR-R38R-52;Red;187.1571;337.2200;52;1088.62;18;9;01-07-2005;30-06-2007;;net.sourceforge.jtds.jdbc.BlobImpl@48eff760;no_image_available_small.gif;C455E0B3-D716-419D-ABF0-7E03EFDD2E26;11-03-2008
728;LL Road Frame - Red, 58;FR-R38R-58;Red;187.1571;337.2200;58;1115.83;18;9;01-07-2005;30-06-2007;;net.sourceforge.jtds.jdbc.BlobImpl@402f32ff;no_image_available_small.gif;799A56FF-5AD2-41B3-BFAC-528B477AD129;11-03-2008
729;LL Road Frame - Red, 60;FR-R38R-60;Red;187.1571;337.2200;60;1124.90;18;9;01-07-2005;30-06-2007;;net.sourceforge.jtds.jdbc.BlobImpl@573f2bb1;no_image_available_small.gif;1784BB14-D1F5-4B24-92DA-9127AD179302;11-03-2008
730;LL Road Frame - Red, 62;FR-R38R-62;Red;187.1571;337.2200;62;1133.98;18;9;01-07-2005;30-06-2007;;net.sourceforge.jtds.jdbc.BlobImpl@5ae9a829;no_image_available_small.gif;7E73AA1F-8569-4D87-9F80-AC2E513E0803;11-03-2008
731;ML Road Frame - Red, 44;FR-R72R-44;Red;352.1394;594.8300;44;1006.97;18;16;01-07-2005;30-06-2006;;net.sourceforge.jtds.jdbc.BlobImpl@6d8a00e3;no_image_available_small.gif;459E041C-3234-409E-B4CD-81728F8A2398;11-03-2008
732;ML Road Frame - Red, 48;FR-R72R-48;Red;352.1394;594.8300;48;1025.11;18;16;01-07-2005;30-06-2006;;net.sourceforge.jtds.jdbc.BlobImpl@548b7f67;no_image_available_small.gif;B673189C-C042-413B-8194-73BC44B0492C;11-03-2008
733;ML Road Frame - Red, 52;FR-R72R-52;Red;352.1394;594.8300;52;1043.26;18;16;01-07-2005;30-06-2006;;net.sourceforge.jtds.jdbc.BlobImpl@7ac7a4e4;no_image_available_small.gif;55EA276B-82D8-4CCB-9AB1-9B1B75B15A83;11-03-2008
734;ML Road Frame - Red, 58;FR-R72R-58;Red;352.1394;594.8300;58;1070.47;18;16;01-07-2005;30-06-2006;;net.sourceforge.jtds.jdbc.BlobImpl@6d78f375;no_image_available_small.gif;DF4CE1E2-BA9A-4657-B999-CCFA6C55D9C1;11-03-2008
735;ML Road Frame - Red, 60;FR-R72R-60;Red;352.1394;594.8300;60;1079.54;18;16;01-07-2005;30-06-2006;;net.sourceforge.jtds.jdbc.BlobImpl@50c87b21;no_image_available_small.gif;B2E48E8C-63A5-469A-BA4C-4F5EBB1104A4;11-03-2008
736;LL Road Frame - Black, 44;FR-R38B-44;Black;204.6251;337.2200;44;1052.33;18;9;01-07-2005;;;net.sourceforge.jtds.jdbc.BlobImpl@5f375618;no_image_available_small.gif;C9967889-F490-4A66-943A-BCE432E938D8;11-03-2008
737;LL Road Frame - Black, 48;FR-R38B-48;Black;204.6251;337.2200;48;1070.47;18;9;01-07-2005;;;net.sourceforge.jtds.jdbc.BlobImpl@1810399e;no_image_available_small.gif;3B5F29B6-A441-4FF7-A0FA-FAD10E2CEB4C;11-03-2008
738;LL Road Frame - Black, 52;FR-R38B-52;Black;204.6251;337.2200;52;1088.62;18;9;01-07-2005;;;net.sourceforge.jtds.jdbc.BlobImpl@32d992b2;no_image_available_small.gif;18FC5D72-A012-4DC7-BB35-0D01A84D0219;11-03-2008
739;HL Mountain Frame - Silver, 42;FR-M94S-42;Silver;747.2002;1364.5000;42;1233.76;16;5;01-07-2005;;;net.sourceforge.jtds.jdbc.BlobImpl@215be6bb;frame_silver_small.gif;8AE32663-8D6F-457D-8343-5B181FEC43A7;11-03-2008
740;HL Mountain Frame - Silver, 44;FR-M94S-44;Silver;706.8110;1364.5000;44;1251.91;16;5;01-07-2005;30-06-2006;;net.sourceforge.jtds.jdbc.BlobImpl@4439f31e;frame_silver_small.gif;1909C60C-C490-411D-B3E6-12DDD7832482;11-03-2008
741;HL Mountain Frame - Silver, 48;FR-M94S-52;Silver;706.8110;1364.5000;48;1270.05;16;5;01-07-2005;30-06-2006;;net.sourceforge.jtds.jdbc.BlobImpl@5dfcfece;frame_silver_small.gif;B181EC1F-CA20-4724-B2EB-15F3E455142E;11-03-2008
742;HL Mountain Frame - Silver, 46;FR-M94S-46;Silver;747.2002;1364.5000;46;1288.20;16;5;01-07-2005;;;net.sourceforge.jtds.jdbc.BlobImpl@23ceabc1;frame_silver_small.gif;A189D86E-D923-4336-B13D-A5DB6F426540;11-03-2008
743;HL Mountain Frame - Black, 42;FR-M94B-42;Black;739.0410;1349.6000;42;1233.76;16;5;01-07-2005;;;net.sourceforge.jtds.jdbc.BlobImpl@5d5eef3d;frame_black_small.gif;27DB28F8-5AB8-4091-B94E-6F1B2D8E7AB0;11-03-2008
744;HL Mountain Frame - Black, 44;FR-M94B-44;Black;699.0928;1349.6000;44;1251.91;16;5;01-07-2005;30-06-2006;;net.sourceforge.jtds.jdbc.BlobImpl@56f4468b;frame_black_small.gif;CB443286-6B25-409F-A10B-1AD4EEB4BD4E;11-03-2008
745;HL Mountain Frame - Black, 48;FR-M94B-48;Black;699.0928;1349.6000;48;1270.05;16;5;01-07-2005;30-06-2006;;net.sourceforge.jtds.jdbc.BlobImpl@6cc4c815;frame_black_small.gif;1FEE0573-6676-432D-8D6D-41BA9FAA5865;11-03-2008
746;HL Mountain Frame - Black, 46;FR-M94B-46;Black;739.0410;1349.6000;46;1288.20;16;5;01-07-2005;;;net.sourceforge.jtds.jdbc.BlobImpl@3a82f6ef;frame_black_small.gif;50ABEBCB-451E-42B9-8DBB-E5C4A34470E9;11-03-2008
747;HL Mountain Frame - Black, 38;FR-M94B-38;Black;739.0410;1349.6000;38;1215.62;16;5;01-07-2005;;;net.sourceforge.jtds.jdbc.BlobImpl@100fc185;frame_black_small.gif;0C548577-3171-4CE2-B9A0-1ED526849DE8;11-03-2008
748;HL Mountain Frame - Silver, 38;FR-M94S-38;Silver;747.2002;1364.5000;38;1215.62;16;5;01-07-2005;;;net.sourceforge.jtds.jdbc.BlobImpl@643b1d11;frame_silver_small.gif;F246ACAA-A80B-40EC-9208-02EDEF885129;11-03-2008
749;Road-150 Red, 62;BK-R93R-62;Red;2171.2942;3578.2700;62;6803.85;6;25;01-07-2005;30-06-2006;;net.sourceforge.jtds.jdbc.BlobImpl@2ef5e5e3;superlight_red_small.gif;BC621E1F-2553-4FDC-B22E-5E44A9003569;11-03-2008
750;Road-150 Red, 44;BK-R93R-44;Red;2171.2942;3578.2700;44;6245.93;6;25;01-07-2005;30-06-2006;;net.sourceforge.jtds.jdbc.BlobImpl@36d4b5c;superlight_red_small.gif;C19E1136-5DA4-4B40-8758-54A85D7EA494;11-03-2008
751;Road-150 Red, 48;BK-R93R-48;Red;2171.2942;3578.2700;48;6409.23;6;25;01-07-2005;30-06-2006;;net.sourceforge.jtds.jdbc.BlobImpl@6d00a15d;superlight_red_small.gif;D10B7CC1-455E-435B-A08F-EC5B1C5776E9;11-03-2008
752;Road-150 Red, 52;BK-R93R-52;Red;2171.2942;3578.2700;52;6540.77;6;25;01-07-2005;30-06-2006;;net.sourceforge.jtds.jdbc.BlobImpl@51efea79;superlight_red_small.gif;5E085BA0-3CD5-487F-85BB-79ED1C701F23;11-03-2008
753;Road-150 Red, 56;BK-R93R-56;Red;2171.2942;3578.2700;56;6658.70;6;25;01-07-2005;30-06-2006;;net.sourceforge.jtds.jdbc.BlobImpl@5034c75a;superlight_red_small.gif;30819B88-F0D3-4E7A-8105-19F6FAC2CEFB;11-03-2008
754;Road-450 Red, 58;BK-R68R-58;Red;884.7083;1457.9900;58;8069.37;6;28;01-07-2005;30-06-2006;;net.sourceforge.jtds.jdbc.BlobImpl@396a51ab;roadster_red_small.gif;40D5EFFA-C0C4-479F-AF66-5F1BF8ED3BFB;11-03-2008
755;Road-450 Red, 60;BK-R68R-60;Red;884.7083;1457.9900;60;8119.26;6;28;01-07-2005;30-06-2006;;net.sourceforge.jtds.jdbc.BlobImpl@51081592;roadster_red_small.gif;181A90CB-3678-490E-8418-78F73FB5343D;11-03-2008
756;Road-450 Red, 44;BK-R68R-44;Red;884.7083;1457.9900;44;7606.70;6;28;01-07-2005;30-06-2006;;net.sourceforge.jtds.jdbc.BlobImpl@7f9a81e8;roadster_red_small.gif;F8B5E26A-3D33-4E39-B500-CC21A133062E;11-03-2008
757;Road-450 Red, 48;BK-R68R-48;Red;884.7083;1457.9900;48;7770.00;6;28;01-07-2005;30-06-2006;;net.sourceforge.jtds.jdbc.BlobImpl@9629756;roadster_red_small.gif;C72C9978-0B04-46B3-9DE6-948FECA1C86E;11-03-2008
758;Road-450 Red, 52;BK-R68R-52;Red;884.7083;1457.9900;52;7901.54;6;28;01-07-2005;30-06-2006;;net.sourceforge.jtds.jdbc.BlobImpl@62ee68d8;roadster_red_small.gif;040A4B7D-4060-4507-AA92-7508B434797E;11-03-2008
759;Road-650 Red, 58;BK-R50R-58;Red;486.7066;782.9900;58;8976.55;6;30;01-07-2005;30-06-2007;;net.sourceforge.jtds.jdbc.BlobImpl@735b5592;superlight_red_small.gif;6711D6BC-664F-4890-9F69-AF1DE321D055;11-03-2008
760;Road-650 Red, 60;BK-R50R-60;Red;486.7066;782.9900;60;9026.44;6;30;01-07-2005;30-06-2007;;net.sourceforge.jtds.jdbc.BlobImpl@58651fd0;superlight_red_small.gif;664867E5-4AB3-4783-96F9-42EFDE92F49B;11-03-2008
761;Road-650 Red, 62;BK-R50R-62;Red;486.7066;782.9900;62;9071.80;6;30;01-07-2005;30-06-2007;;net.sourceforge.jtds.jdbc.BlobImpl@4520ebad;superlight_red_small.gif;1DA14E09-6D71-4E2A-9EE9-1BDFDFD8A109;11-03-2008
762;Road-650 Red, 44;BK-R50R-44;Red;486.7066;782.9900;44;8513.88;6;30;01-07-2005;30-06-2007;;net.sourceforge.jtds.jdbc.BlobImpl@5419f379;superlight_red_small.gif;F247AAAE-12E3-4048-A37B-CCE4A8999E81;11-03-2008
763;Road-650 Red, 48;BK-R50R-48;Red;486.7066;782.9900;48;8677.18;6;30;01-07-2005;30-06-2007;;net.sourceforge.jtds.jdbc.BlobImpl@7dc7cbad;superlight_red_small.gif;3DA5FA6E-9E0F-4896-AC10-948C27F4EB79;11-03-2008
764;Road-650 Red, 52;BK-R50R-52;Red;486.7066;782.9900;52;8808.72;6;30;01-07-2005;30-06-2007;;net.sourceforge.jtds.jdbc.BlobImpl@d2cc05a;superlight_red_small.gif;07CFE1EA-8A37-4D2A-835F-BC8D37E564AF;11-03-2008
765;Road-650 Black, 58;BK-R50B-58;Black;486.7066;782.9900;58;8976.55;6;30;01-07-2005;30-06-2007;;net.sourceforge.jtds.jdbc.BlobImpl@4f933fd1;superlight_black_small.gif;74645B12-3CE9-49A6-BD96-2CD814B37420;11-03-2008
766;Road-650 Black, 60;BK-R50B-60;Black;486.7066;782.9900;60;9026.44;6;30;01-07-2005;30-06-2007;;net.sourceforge.jtds.jdbc.BlobImpl@548a9f61;superlight_black_small.gif;A2DB196D-6640-49EA-A84F-2E87CA6F50C6;11-03-2008
767;Road-650 Black, 62;BK-R50B-62;Black;486.7066;782.9900;62;9071.80;6;30;01-07-2005;30-06-2007;;net.sourceforge.jtds.jdbc.BlobImpl@1753acfe;superlight_black_small.gif;C82A8309-63D3-4C0C-AD71-E91272397095;11-03-2008
768;Road-650 Black, 44;BK-R50B-44;Black;486.7066;782.9900;44;8513.88;6;30;01-07-2005;30-06-2007;;net.sourceforge.jtds.jdbc.BlobImpl@7c16905e;superlight_black_small.gif;11D563AC-115C-4F0D-A1E5-E946EEE8B38B;11-03-2008
769;Road-650 Black, 48;BK-R50B-48;Black;486.7066;782.9900;48;8677.18;6;30;01-07-2005;30-06-2007;;net.sourceforge.jtds.jdbc.BlobImpl@2a2d45ba;superlight_black_small.gif;A7E2179E-137C-497E-A5E6-C9EA64935FB0;11-03-2008
770;Road-650 Black, 52;BK-R50B-52;Black;486.7066;782.9900;52;8808.72;6;30;01-07-2005;30-06-2007;;net.sourceforge.jtds.jdbc.BlobImpl@2a5ca609;superlight_black_small.gif;136E2865-E0DA-4624-963A-31349279AB1A;11-03-2008
771;Mountain-100 Silver, 38;BK-M82S-38;Silver;1912.1544;3399.9900;38;9230.56;5;19;01-07-2005;30-06-2006;;net.sourceforge.jtds.jdbc.BlobImpl@20e2cbe0;superlight_silver_small.gif;CA74B54E-FC30-4464-8B83-019BFD1B2DBB;11-03-2008
772;Mountain-100 Silver, 42;BK-M82S-42;Silver;1912.1544;3399.9900;42;9421.06;5;19;01-07-2005;30-06-2006;;net.sourceforge.jtds.jdbc.BlobImpl@68be2bc2;superlight_silver_small.gif;BBFFF5A5-4BDC-49A9-A5AD-7584ADFFE808;11-03-2008
773;Mountain-100 Silver, 44;BK-M82S-44;Silver;1912.1544;3399.9900;44;9584.36;5;19;01-07-2005;30-06-2006;;net.sourceforge.jtds.jdbc.BlobImpl@28feb3fa;superlight_silver_small.gif;155FD77E-D6D6-43F0-8A5B-4A8305EB45CD;11-03-2008
774;Mountain-100 Silver, 48;BK-M82S-48;Silver;1912.1544;3399.9900;48;9715.90;5;19;01-07-2005;30-06-2006;;net.sourceforge.jtds.jdbc.BlobImpl@675d3402;superlight_silver_small.gif;BA5551DF-C9EE-4B43-B3CA-8C19D0F9384D;11-03-2008
775;Mountain-100 Black, 38;BK-M82B-38;Black;1898.0944;3374.9900;38;9230.56;5;19;01-07-2005;30-06-2006;;net.sourceforge.jtds.jdbc.BlobImpl@51565ec2;superlight_black_small.gif;DEA33347-FCD3-4346-AA0F-068CD6B3AD06;11-03-2008
776;Mountain-100 Black, 42;BK-M82B-42;Black;1898.0944;3374.9900;42;9421.06;5;19;01-07-2005;30-06-2006;;net.sourceforge.jtds.jdbc.BlobImpl@482f8f11;superlight_black_small.gif;02935111-A546-4C6D-941F-BE12D42C158E;11-03-2008
777;Mountain-100 Black, 44;BK-M82B-44;Black;1898.0944;3374.9900;44;9584.36;5;19;01-07-2005;30-06-2006;;net.sourceforge.jtds.jdbc.BlobImpl@1593948d;superlight_black_small.gif;7920BC3B-8FD4-4610-93D2-E693A66B6474;11-03-2008
778;Mountain-100 Black, 48;BK-M82B-48;Black;1898.0944;3374.9900;48;9715.90;5;19;01-07-2005;30-06-2006;;net.sourceforge.jtds.jdbc.BlobImpl@1b604f19;superlight_black_small.gif;1B486300-7E64-4C5D-A9BA-A8368E20C5A0;11-03-2008
779;Mountain-200 Silver, 38;BK-M68S-38;Silver;1265.6195;2319.9900;38;10591.33;5;20;01-07-2006;;;net.sourceforge.jtds.jdbc.BlobImpl@7823a2f9;hotrodbike_silver_small.gif;3A45D835-ABAE-4806-AC03-C53ABCD3B974;11-03-2008
780;Mountain-200 Silver, 42;BK-M68S-42;Silver;1265.6195;2319.9900;42;10781.83;5;20;01-07-2006;;;net.sourceforge.jtds.jdbc.BlobImpl@4cc0edeb;hotrodbike_silver_small.gif;CE4849B4-56E6-4B50-808B-9BDE67CC4704;11-03-2008
781;Mountain-200 Silver, 46;BK-M68S-46;Silver;1265.6195;2319.9900;46;10945.13;5;20;01-07-2006;;;net.sourceforge.jtds.jdbc.BlobImpl@457e2f02;hotrodbike_silver_small.gif;20799030-420C-496A-9922-09189C2B457E;11-03-2008
782;Mountain-200 Black, 38;BK-M68B-38;Black;1251.9813;2294.9900;38;10591.33;5;20;01-07-2006;;;net.sourceforge.jtds.jdbc.BlobImpl@5c7fa833;hotrodbike_black_small.gif;82CB8F9B-B8BB-4841-98D3-BCDB807C4DD8;11-03-2008
783;Mountain-200 Black, 42;BK-M68B-42;Black;1251.9813;2294.9900;42;10781.83;5;20;01-07-2006;;;net.sourceforge.jtds.jdbc.BlobImpl@39aeed2f;hotrodbike_black_small.gif;2B0AF5B9-7571-4621-B760-47DF599F9650;11-03-2008
784;Mountain-200 Black, 46;BK-M68B-46;Black;1251.9813;2294.9900;46;10945.13;5;20;01-07-2006;;;net.sourceforge.jtds.jdbc.BlobImpl@724af044;hotrodbike_black_small.gif;33F42284-E216-4B98-BA48-B4EE18A01FA0;11-03-2008
785;Mountain-300 Black, 38;BK-M47B-38;Black;598.4354;1079.9900;38;11498.51;5;21;01-07-2006;30-06-2007;;net.sourceforge.jtds.jdbc.BlobImpl@4678c730;hotrodbike_black_small.gif;F06C2CBF-0901-4C08-80ED-FB4E87171B3B;11-03-2008
786;Mountain-300 Black, 40;BK-M47B-40;Black;598.4354;1079.9900;40;11689.01;5;21;01-07-2006;30-06-2007;;net.sourceforge.jtds.jdbc.BlobImpl@6767c1fc;hotrodbike_black_small.gif;580D4322-BE03-4C91-83D2-EE33EC6008AB;11-03-2008
787;Mountain-300 Black, 44;BK-M47B-44;Black;598.4354;1079.9900;44;11852.31;5;21;01-07-2006;30-06-2007;;net.sourceforge.jtds.jdbc.BlobImpl@29ee9faa;hotrodbike_black_small.gif;07C2A548-0452-47B4-9DCE-6EDB0A30C85E;11-03-2008
788;Mountain-300 Black, 48;BK-M47B-48;Black;598.4354;1079.9900;48;11983.85;5;21;01-07-2006;30-06-2007;;net.sourceforge.jtds.jdbc.BlobImpl@c038203;hotrodbike_black_small.gif;16078DBE-388D-4C18-AA8F-0C8F48035468;11-03-2008
789;Road-250 Red, 44;BK-R89R-44;Red;1518.7864;2443.3500;44;6699.52;6;26;01-07-2006;30-06-2007;;net.sourceforge.jtds.jdbc.BlobImpl@cc285f4;racer_red_small.gif;0AA71AD6-AFAF-43C6-9745-35D815B50A5B;11-03-2008
790;Road-250 Red, 48;BK-R89R-48;Red;1518.7864;2443.3500;48;6862.82;6;26;01-07-2006;30-06-2007;;net.sourceforge.jtds.jdbc.BlobImpl@55f3ddb1;racer_red_small.gif;115DDADE-70E3-43F9-80DC-638DAEA271C4;11-03-2008
791;Road-250 Red, 52;BK-R89R-52;Red;1518.7864;2443.3500;52;6994.36;6;26;01-07-2006;30-06-2007;;net.sourceforge.jtds.jdbc.BlobImpl@8bd1b6a;racer_red_small.gif;C9FD1DF4-9512-420A-B379-067108033B75;11-03-2008
792;Road-250 Red, 58;BK-R89R-58;Red;1554.9479;2443.3500;58;7162.19;6;26;01-07-2006;;;net.sourceforge.jtds.jdbc.BlobImpl@18be83e4;racer_red_small.gif;DF629C11-8D8B-4774-9D52-ECB64DC95212;11-03-2008
793;Road-250 Black, 44;BK-R89B-44;Black;1554.9479;2443.3500;44;6699.52;6;26;01-07-2006;;;net.sourceforge.jtds.jdbc.BlobImpl@cb5822;racer_black_small.gif;1FF419B5-52AF-4F7E-AEAE-4FEC5E99DE35;11-03-2008
794;Road-250 Black, 48;BK-R89B-48;Black;1554.9479;2443.3500;48;6862.82;6;26;01-07-2006;;;net.sourceforge.jtds.jdbc.BlobImpl@4b9e13df;racer_black_small.gif;9D165DDF-8F5D-41C7-9BB8-13F41A3D1F62;11-03-2008
795;Road-250 Black, 52;BK-R89B-52;Black;1554.9479;2443.3500;52;6994.36;6;26;01-07-2006;;;net.sourceforge.jtds.jdbc.BlobImpl@2b98378d;racer_black_small.gif;74FE3957-CBC3-450A-AB92-849BD13530E2;11-03-2008
796;Road-250 Black, 58;BK-R89B-58;Black;1554.9479;2443.3500;58;7112.29;6;26;01-07-2006;;;net.sourceforge.jtds.jdbc.BlobImpl@475530b9;racer_black_small.gif;1C530FE8-A169-4ADC-B3DC-B11A48245E63;11-03-2008
797;Road-550-W Yellow, 38;BK-R64Y-38;Yellow;713.0798;1120.4900;38;7869.79;6;29;01-07-2006;;;net.sourceforge.jtds.jdbc.BlobImpl@1d057a39;racer02_yellow_f_small.gif;AAD81532-A572-49A5-83C3-DFA9E3B4FEA6;11-03-2008
798;Road-550-W Yellow, 40;BK-R64Y-40;Yellow;713.0798;1120.4900;40;8060.29;6;29;01-07-2006;;;net.sourceforge.jtds.jdbc.BlobImpl@26be92ad;racer02_yellow_f_small.gif;A35A1C35-C128-4697-951E-4199062E78F3;11-03-2008
799;Road-550-W Yellow, 42;BK-R64Y-42;Yellow;713.0798;1120.4900;42;8223.59;6;29;01-07-2006;;;net.sourceforge.jtds.jdbc.BlobImpl@4c70fda8;racer02_yellow_f_small.gif;A359AB09-16F2-4726-A60F-0DFDB1C9527E;11-03-2008
800;Road-550-W Yellow, 44;BK-R64Y-44;Yellow;713.0798;1120.4900;44;8355.13;6;29;01-07-2006;;;net.sourceforge.jtds.jdbc.BlobImpl@224edc67;racer02_yellow_f_small.gif;0A7028FB-FF06-4D38-AAA1-B64816278165;11-03-2008
801;Road-550-W Yellow, 48;BK-R64Y-48;Yellow;713.0798;1120.4900;48;8473.06;6;29;01-07-2006;;;net.sourceforge.jtds.jdbc.BlobImpl@14acaea5;racer02_yellow_f_small.gif;C90CC877-804C-4CE7-AFC3-4C8791A13DFB;11-03-2008
802;LL Fork;FK-1639;;65.8097;148.2200;;;14;104;01-07-2006;30-06-2007;;net.sourceforge.jtds.jdbc.BlobImpl@46d56d67;fork_small.gif;FB8502BE-07EB-4134-AB06-C3A9959A52AE;11-03-2008
803;ML Fork;FK-5136;;77.9176;175.4900;;;14;105;01-07-2006;30-06-2007;;net.sourceforge.jtds.jdbc.BlobImpl@d8355a8;fork_small.gif;F5FA4E2F-B976-48A4-BF79-85632F697D2E;11-03-2008
804;HL Fork;FK-9939;;101.8936;229.4900;;;14;106;01-07-2006;30-06-2007;;net.sourceforge.jtds.jdbc.BlobImpl@59fa1d9b;fork_small.gif;553229B3-1AD9-4A71-A21C-2AF4332CFCE9;11-03-2008
805;LL Headset;HS-0296;;15.1848;34.2000;;;15;59;01-07-2006;30-06-2007;;net.sourceforge.jtds.jdbc.BlobImpl@28d25987;no_image_available_small.gif;BB6BD7B3-A34D-4D64-822E-781FA6838E19;11-03-2008
806;ML Headset;HS-2451;;45.4168;102.2900;;;15;60;01-07-2006;30-06-2007;;net.sourceforge.jtds.jdbc.BlobImpl@4501b7af;no_image_available_small.gif;23B5D52B-8C29-4059-B899-75C53B5EE2E6;11-03-2008
807;HL Headset;HS-3479;;55.3801;124.7300;;;15;61;01-07-2006;30-06-2007;;net.sourceforge.jtds.jdbc.BlobImpl@523884b2;no_image_available_small.gif;12E4D5E8-79ED-4BCB-A532-6275D1A93417;11-03-2008
808;LL Mountain Handlebars;HB-M243;;19.7758;44.5400;;;8;52;01-07-2006;;;net.sourceforge.jtds.jdbc.BlobImpl@5b275dab;handlebar_small.gif;B59B7BF2-7AFC-4A74-B063-F942F1E0DA19;11-03-2008
809;ML Mountain Handlebars;HB-M763;;27.4925;61.9200;;;8;54;01-07-2006;;;net.sourceforge.jtds.jdbc.BlobImpl@61832929;no_image_available_small.gif;AE6020DF-D9C9-4D34-9795-1F80E6BBF5A5;11-03-2008
810;HL Mountain Handlebars;HB-M918;;53.3999;120.2700;;;8;55;01-07-2006;;;net.sourceforge.jtds.jdbc.BlobImpl@29774679;no_image_available_small.gif;6AA0F921-0F09-4F99-8D3C-335946873553;11-03-2008
811;LL Road Handlebars;HB-R504;;19.7758;44.5400;;;8;56;01-07-2006;;;net.sourceforge.jtds.jdbc.BlobImpl@3ffc5af1;no_image_available_small.gif;ACDAE407-B40E-435E-8E84-1BFC33013E81;11-03-2008
812;ML Road Handlebars;HB-R720;;27.4925;61.9200;;;8;57;01-07-2006;;;net.sourceforge.jtds.jdbc.BlobImpl@5e5792a0;no_image_available_small.gif;33FA1A03-38D6-405E-BE9B-EEA92F3D204F;11-03-2008
813;HL Road Handlebars;HB-R956;;53.3999;120.2700;;;8;58;01-07-2006;;;net.sourceforge.jtds.jdbc.BlobImpl@26653222;no_image_available_small.gif;5C5327B9-AD2E-4C33-8D74-EDF49E0C2DD8;11-03-2008
814;ML Mountain Frame - Black, 38;FR-M63B-38;Black;185.8193;348.7600;38;1238.30;16;15;01-07-2006;30-06-2007;;net.sourceforge.jtds.jdbc.BlobImpl@3532ec19;no_image_available_small.gif;0D879312-A7D3-441D-9D23-B6550BAB3814;11-03-2008
815;LL Mountain Front Wheel;FW-M423;Black;26.9708;60.7450;;;21;42;01-07-2006;30-06-2007;;net.sourceforge.jtds.jdbc.BlobImpl@68c4039c;wheel_small.gif;D7B1D161-182E-44F6-A9FF-9C1EBA76613B;11-03-2008
816;ML Mountain Front Wheel;FW-M762;Black;92.8071;209.0250;;;21;45;01-07-2006;30-06-2007;;net.sourceforge.jtds.jdbc.BlobImpl@ae45eb6;wheel_small.gif;5E3E5033-9A77-4DCA-8B7F-DFED78EFA08A;11-03-2008
817;HL Mountain Front Wheel;FW-M928;Black;133.2955;300.2150;;;21;46;01-07-2006;30-06-2007;;net.sourceforge.jtds.jdbc.BlobImpl@59f99ea;wheel_small.gif;3C8FFFF6-A8DC-45A3-963B-A6284CED7596;11-03-2008
818;LL Road Front Wheel;FW-R623;Black;37.9909;85.5650;;900.00;21;49;01-07-2006;30-06-2007;;net.sourceforge.jtds.jdbc.BlobImpl@27efef64;wheel_small.gif;9E66DE78-DECB-438A-B9A9-023C773C60A2;11-03-2008
819;ML Road Front Wheel;FW-R762;Black;110.2829;248.3850;;850.00;21;50;01-07-2006;30-06-2007;;net.sourceforge.jtds.jdbc.BlobImpl@6f7fd0e6;wheel_small.gif;6EA94FBF-B9AA-43FC-84E8-91D508DDE751;11-03-2008
820;HL Road Front Wheel;FW-R820;Black;146.5466;330.0600;;650.00;21;51;01-07-2006;30-06-2007;;net.sourceforge.jtds.jdbc.BlobImpl@47c62251;wheel_small.gif;727A3CD5-8D40-4884-A7E4-DFD3FFDEB164;11-03-2008
821;Touring Front Wheel;FW-T905;Black;96.7964;218.0100;;;21;44;01-07-2006;30-06-2007;;net.sourceforge.jtds.jdbc.BlobImpl@3e6fa38a;wheel_small.gif;8D1CDB07-4FA1-4AC1-840F-A16C3DCA5009;11-03-2008
822;ML Road Frame-W - Yellow, 38;FR-R72Y-38;Yellow;360.9428;594.8300;38;988.83;18;17;01-07-2006;;;net.sourceforge.jtds.jdbc.BlobImpl@66a3ffec;no_image_available_small.gif;22976FA7-0AD0-40F9-B4F9-BA10279EA1A3;11-03-2008
823;LL Mountain Rear Wheel;RW-M423;Black;38.9588;87.7450;;;21;123;01-07-2006;30-06-2007;;net.sourceforge.jtds.jdbc.BlobImpl@77caeb3e;wheel_small.gif;E6C39F58-995F-4786-A309-DF3812D8B30F;11-03-2008
824;ML Mountain Rear Wheel;RW-M762;Black;104.7951;236.0250;;;21;124;01-07-2006;30-06-2007;;net.sourceforge.jtds.jdbc.BlobImpl@1e88b3c;wheel_small.gif;B2F7CF9B-A7BF-49AB-9CCA-9F6E791CD693;11-03-2008
825;HL Mountain Rear Wheel;RW-M928;Black;145.2835;327.2150;;;21;125;01-07-2006;30-06-2007;;net.sourceforge.jtds.jdbc.BlobImpl@42d80b78;wheel_small.gif;35D02EDC-1120-41FB-B5DF-8655A93B3353;11-03-2008
826;LL Road Rear Wheel;RW-R623;Black;49.9789;112.5650;;1050.00;21;126;01-07-2006;30-06-2007;;net.sourceforge.jtds.jdbc.BlobImpl@3bfdc050;wheel_small.gif;78D01117-8DCD-465F-9DC7-94A2CDC35582;11-03-2008
827;ML Road Rear Wheel;RW-R762;Black;122.2709;275.3850;;1000.00;21;77;01-07-2006;30-06-2007;;net.sourceforge.jtds.jdbc.BlobImpl@1bce4f0a;wheel_small.gif;CF739F9A-0AF0-4810-B229-C431A31D7779;11-03-2008
828;HL Road Rear Wheel;RW-R820;Black;158.5346;357.0600;;890.00;21;78;01-07-2006;30-06-2007;;net.sourceforge.jtds.jdbc.BlobImpl@5e3a8624;wheel_small.gif;8F262A37-43AA-4AD5-AE1F-8BD6967D8E9B;11-03-2008
829;Touring Rear Wheel;RW-T905;Black;108.7844;245.0100;;;21;43;01-07-2006;30-06-2007;;net.sourceforge.jtds.jdbc.BlobImpl@5c3bd550;wheel_small.gif;30D2254D-E26D-4586-B4C5-E8CCB8A059B8;11-03-2008
830;ML Mountain Frame - Black, 40;FR-M63B-40;Black;185.8193;348.7600;40;1256.44;16;14;01-07-2006;30-06-2007;;net.sourceforge.jtds.jdbc.BlobImpl@91161c7;no_image_available_small.gif;AED1C9C4-C139-45D2-B38E-0A0A9F518665;11-03-2008
831;ML Mountain Frame - Black, 44;FR-M63B-44;Black;185.8193;348.7600;44;1274.59;16;14;01-07-2006;30-06-2007;;net.sourceforge.jtds.jdbc.BlobImpl@604ed9f0;no_image_available_small.gif;3F2135D4-EC5F-4E30-BDE8-5444518F0637;11-03-2008
832;ML Mountain Frame - Black, 48;FR-M63B-48;Black;185.8193;348.7600;48;1292.73;16;14;01-07-2006;30-06-2007;;net.sourceforge.jtds.jdbc.BlobImpl@6a4f787b;no_image_available_small.gif;C2009B69-F15A-47EC-B710-1809D299318A;11-03-2008
833;ML Road Frame-W - Yellow, 40;FR-R72Y-40;Yellow;360.9428;594.8300;40;1006.97;18;17;01-07-2006;;;net.sourceforge.jtds.jdbc.BlobImpl@685cb137;no_image_available_small.gif;22DF26F2-60BC-493E-A14A-5500633E9F7E;11-03-2008
834;ML Road Frame-W - Yellow, 42;FR-R72Y-42;Yellow;360.9428;594.8300;42;1025.11;18;17;01-07-2006;;;net.sourceforge.jtds.jdbc.BlobImpl@6a41eaa2;no_image_available_small.gif;207B54DA-5404-415D-8578-9A45082E3BF1;11-03-2008
835;ML Road Frame-W - Yellow, 44;FR-R72Y-44;Yellow;360.9428;594.8300;44;1043.26;18;17;01-07-2006;;;net.sourceforge.jtds.jdbc.BlobImpl@7cd62f43;no_image_available_small.gif;A0FAD492-AC24-4FCF-8D2A-D21D06386AE1;11-03-2008
836;ML Road Frame-W - Yellow, 48;FR-R72Y-48;Yellow;360.9428;594.8300;48;1061.40;18;17;01-07-2006;;;net.sourceforge.jtds.jdbc.BlobImpl@6d4b1c02;no_image_available_small.gif;8487BFE0-2138-471E-9C6D-FDB3A67E7D86;11-03-2008
837;HL Road Frame - Black, 62;FR-R92B-62;Black;868.6342;1431.5000;62;1043.26;18;6;01-07-2006;;;net.sourceforge.jtds.jdbc.BlobImpl@6093dd95;no_image_available_small.gif;5DCE9C8C-FB94-46F8-B826-11658F6A3682;11-03-2008
838;HL Road Frame - Black, 44;FR-R92B-44;Black;868.6342;1431.5000;44;961.61;18;6;01-07-2006;;;net.sourceforge.jtds.jdbc.BlobImpl@5622fdf;no_image_available_small.gif;E4902656-A4BC-4B08-9D47-4F3DA0FD76C3;11-03-2008
839;HL Road Frame - Black, 48;FR-R92B-48;Black;868.6342;1431.5000;48;979.75;18;6;01-07-2006;;;net.sourceforge.jtds.jdbc.BlobImpl@4883b407;no_image_available_small.gif;557B603B-407B-41A4-AE34-4F7747866DBA;11-03-2008
840;HL Road Frame - Black, 52;FR-R92B-52;Black;868.6342;1431.5000;52;997.90;18;6;01-07-2006;;;net.sourceforge.jtds.jdbc.BlobImpl@7d9d1a19;no_image_available_small.gif;0ED082B3-FBBA-43AF-9149-8741B9FC78C8;11-03-2008
841;Men's Sports Shorts, S;SH-M897-S;Black;24.7459;59.9900;S;;26;13;01-07-2006;30-06-2007;;net.sourceforge.jtds.jdbc.BlobImpl@39c0f4a;shorts_male_small.gif;34B08C1F-99D1-43C4-8EF7-2CD754B6665D;11-03-2008
842;Touring-Panniers, Large;PA-T100;Grey;51.5625;125.0000;;;39;120;01-07-2006;30-06-2007;;net.sourceforge.jtds.jdbc.BlobImpl@1794d431;no_image_available_small.gif;56334FFF-91D4-495E-BF98-933BC1010F23;11-03-2008
843;Cable Lock;LO-C100;;10.3125;25.0000;;;38;115;01-07-2006;30-06-2007;;net.sourceforge.jtds.jdbc.BlobImpl@42e26948;bike_lock_small.gif;56FFD7B9-1014-4640-B1BD-B2649589B4D7;11-03-2008
844;Minipump;PU-0452;;8.2459;19.9900;;;40;116;01-07-2006;30-06-2007;;net.sourceforge.jtds.jdbc.BlobImpl@57baeedf;handpump_small.gif;AAF7A076-9EE3-46BF-A69F-414D847E858B;11-03-2008
845;Mountain Pump;PU-M044;;10.3084;24.9900;;;40;117;01-07-2006;30-06-2007;;net.sourceforge.jtds.jdbc.BlobImpl@343f4d3d;bikepump_small.gif;57169F80-FAFB-4678-8F51-FE1F131D0C83;11-03-2008
846;Taillights - Battery-Powered;LT-T990;;5.7709;13.9900;;;37;108;01-07-2006;30-06-2007;;net.sourceforge.jtds.jdbc.BlobImpl@53b32d7;tail_lights_small.gif;3C617B87-50A5-434C-A0D3-22314B7027EE;11-03-2008
847;Headlights - Dual-Beam;LT-H902;;14.4334;34.9900;;;37;109;01-07-2006;30-06-2007;;net.sourceforge.jtds.jdbc.BlobImpl@5442a311;double_headlight_small.gif;417DB6CB-F38F-4B0D-87E7-E1EBF7456C3A;11-03-2008
848;Headlights - Weatherproof;LT-H903;;18.5584;44.9900;;;37;110;01-07-2006;30-06-2007;;net.sourceforge.jtds.jdbc.BlobImpl@548e7350;single_headlight_small.gif;FC362C1A-4B9C-4D5F-A6D3-0775846C61F0;11-03-2008
849;Men's Sports Shorts, M;SH-M897-M;Black;24.7459;59.9900;M;;26;13;01-07-2006;30-06-2007;;net.sourceforge.jtds.jdbc.BlobImpl@1a968a59;shorts_male_small.gif;DB37B435-74B9-43D3-B363-ABBEAD107BC4;11-03-2008
850;Men's Sports Shorts, L;SH-M897-L;Black;24.7459;59.9900;L;;26;13;01-07-2006;30-06-2007;;net.sourceforge.jtds.jdbc.BlobImpl@4667ae56;shorts_male_small.gif;714184C5-669B-4CF1-A802-30E7B1EA7722;11-03-2008
851;Men's Sports Shorts, XL;SH-M897-X;Black;24.7459;59.9900;XL;;26;13;01-07-2006;30-06-2007;;net.sourceforge.jtds.jdbc.BlobImpl@77cd7a0;shorts_male_small.gif;BD3FFE40-FE2E-44CB-A4E0-81786C3A751F;11-03-2008
852;Women's Tights, S;TG-W091-S;Black;30.9334;74.9900;S;;28;38;01-07-2006;30-06-2007;;net.sourceforge.jtds.jdbc.BlobImpl@204f30ec;no_image_available_small.gif;7DE86C98-4F5B-4155-8572-C977F14EBAEB;11-03-2008
853;Women's Tights, M;TG-W091-M;Black;30.9334;74.9900;M;;28;38;01-07-2006;30-06-2007;;net.sourceforge.jtds.jdbc.BlobImpl@e25b2fe;no_image_available_small.gif;4D8E186C-B8C9-4C64-B411-4995DD87E316;11-03-2008
854;Women's Tights, L;TG-W091-L;Black;30.9334;74.9900;L;;28;38;01-07-2006;30-06-2007;;net.sourceforge.jtds.jdbc.BlobImpl@754ba872;no_image_available_small.gif;E378C2F3-54F6-4EA9-B049-E8BB32B5BDFD;11-03-2008
855;Men's Bib-Shorts, S;SB-M891-S;Multi;37.1209;89.9900;S;;22;12;01-07-2006;30-06-2007;;net.sourceforge.jtds.jdbc.BlobImpl@146ba0ac;no_image_available_small.gif;9F60AF1E-4C11-4E90-BAEA-48E834E8B4C2;11-03-2008
856;Men's Bib-Shorts, M;SB-M891-M;Multi;37.1209;89.9900;M;;22;12;01-07-2006;30-06-2007;;net.sourceforge.jtds.jdbc.BlobImpl@4dfa3a9d;no_image_available_small.gif;E0CBEC04-F4FC-450F-9780-F8EA7691FEBD;11-03-2008
857;Men's Bib-Shorts, L;SB-M891-L;Multi;37.1209;89.9900;L;;22;12;01-07-2006;30-06-2007;;net.sourceforge.jtds.jdbc.BlobImpl@6eebc39e;no_image_available_small.gif;E1DF75A4-9986-489E-A5DE-AD3DA824EB5E;11-03-2008
858;Half-Finger Gloves, S;GL-H102-S;Black;9.1593;24.4900;S;;24;4;01-07-2006;;;net.sourceforge.jtds.jdbc.BlobImpl@464bee09;no_image_available_small.gif;9E1DB5C3-539D-4061-9433-D762DC195CD8;11-03-2008
859;Half-Finger Gloves, M;GL-H102-M;Black;9.1593;24.4900;M;;24;4;01-07-2006;;;net.sourceforge.jtds.jdbc.BlobImpl@f6c48ac;no_image_available_small.gif;9D458FD5-392D-4AB1-AFEF-6A5548E48858;11-03-2008
860;Half-Finger Gloves, L;GL-H102-L;Black;9.1593;24.4900;L;;24;4;01-07-2006;;;net.sourceforge.jtds.jdbc.BlobImpl@13deb50e;no_image_available_small.gif;FA710215-925F-4959-81DF-538E72A6A255;11-03-2008
861;Full-Finger Gloves, S;GL-F110-S;Black;15.6709;37.9900;S;;24;3;01-07-2006;30-06-2007;;net.sourceforge.jtds.jdbc.BlobImpl@239963d8;no_image_available_small.gif;76FAC097-1FB3-456B-8FB9-2C7A613771B4;11-03-2008
862;Full-Finger Gloves, M;GL-F110-M;Black;15.6709;37.9900;M;;24;3;01-07-2006;30-06-2007;;net.sourceforge.jtds.jdbc.BlobImpl@3abbfa04;no_image_available_small.gif;1084221E-1890-443E-9D87-AFCAD6358355;11-03-2008
863;Full-Finger Gloves, L;GL-F110-L;Black;15.6709;37.9900;L;;24;3;01-07-2006;30-06-2007;;net.sourceforge.jtds.jdbc.BlobImpl@57fffcd7;no_image_available_small.gif;6116F9D4-8A1D-4022-A642-9C445C197203;11-03-2008
864;Classic Vest, S;VE-C304-S;Blue;23.7490;63.5000;S;;29;1;01-07-2007;;;net.sourceforge.jtds.jdbc.BlobImpl@31ef45e3;no_image_available_small.gif;EB423EF3-409D-46FE-B35B-D69970820314;11-03-2008
865;Classic Vest, M;VE-C304-M;Blue;23.7490;63.5000;M;;29;1;01-07-2007;;;net.sourceforge.jtds.jdbc.BlobImpl@598067a5;no_image_available_small.gif;2E52F96E-64A1-4069-911C-E3FD6E094A1E;11-03-2008
866;Classic Vest, L;VE-C304-L;Blue;23.7490;63.5000;L;;29;1;01-07-2007;;;net.sourceforge.jtds.jdbc.BlobImpl@3c0ecd4b;no_image_available_small.gif;3211F5A8-B6C4-48BD-9AA4-D69CB40D97DD;11-03-2008
867;Women's Mountain Shorts, S;SH-W890-S;Black;26.1763;69.9900;S;;26;37;01-07-2007;;;net.sourceforge.jtds.jdbc.BlobImpl@14bf9759;shorts_female_small.gif;22616FD2-B99F-4F7D-ACF6-33DFF66D42D2;11-03-2008
868;Women's Mountain Shorts, M;SH-W890-M;Black;26.1763;69.9900;M;;26;37;01-07-2007;;;net.sourceforge.jtds.jdbc.BlobImpl@5f341870;shorts_female_small.gif;968E3610-E583-42E8-8AB6-484A799B1774;11-03-2008
869;Women's Mountain Shorts, L;SH-W890-L;Black;26.1763;69.9900;L;;26;37;01-07-2007;;;net.sourceforge.jtds.jdbc.BlobImpl@553f17c;shorts_female_small.gif;1A66B244-5CA0-4153-B539-AE048D14FAEC;11-03-2008
870;Water Bottle - 30 oz.;WB-H098;;1.8663;4.9900;;;32;111;01-07-2007;;;net.sourceforge.jtds.jdbc.BlobImpl@4f7d0008;water_bottle_small.gif;834E8D1A-69A7-4C42-8B68-FA08D9EC9E5B;11-03-2008
871;Mountain Bottle Cage;BC-M005;;3.7363;9.9900;;;32;112;01-07-2007;;;net.sourceforge.jtds.jdbc.BlobImpl@271053e1;no_image_available_small.gif;684491DE-63F8-4632-90E3-36773C4E63BD;11-03-2008
872;Road Bottle Cage;BC-R205;;3.3623;8.9900;;;32;113;01-07-2007;;;net.sourceforge.jtds.jdbc.BlobImpl@589838eb;water_bottle_cage_small.gif;601B1FE8-D4D0-4CFB-9379-29481CC05291;11-03-2008
873;Patch Kit/8 Patches;PK-7098;;0.8565;2.2900;;;41;114;01-07-2007;;;net.sourceforge.jtds.jdbc.BlobImpl@42dafa95;tirepatch_kit_small.gif;36E638E4-68DF-411B-930A-DAAD57221AA6;11-03-2008
874;Racing Socks, M;SO-R809-M;White;3.3623;8.9900;M;;27;24;01-07-2007;;;net.sourceforge.jtds.jdbc.BlobImpl@6500df86;no_image_available_small.gif;B9C7EB0A-1DD1-4A1D-B4C3-1DAD83A8EA7E;11-03-2008
875;Racing Socks, L;SO-R809-L;White;3.3623;8.9900;L;;27;24;01-07-2007;;;net.sourceforge.jtds.jdbc.BlobImpl@402a079c;no_image_available_small.gif;C0A16305-74B7-4FAE-B5C9-3E8BD0E44762;11-03-2008
876;Hitch Rack - 4-Bike;RA-H123;;44.8800;120.0000;;;30;118;01-07-2007;;;net.sourceforge.jtds.jdbc.BlobImpl@59ec2012;no_image_available_small.gif;7A0C4BBD-9679-4F59-9EBC-9DAF3439A38A;11-03-2008
877;Bike Wash - Dissolver;CL-9009;;2.9733;7.9500;;;33;119;01-07-2007;;;net.sourceforge.jtds.jdbc.BlobImpl@4cf777e8;no_image_available_small.gif;3C40B5AD-E328-4715-88A7-EC3220F02ACF;11-03-2008
878;Fender Set - Mountain;FE-6654;;8.2205;21.9800;;;34;121;01-07-2007;;;net.sourceforge.jtds.jdbc.BlobImpl@2f686d1f;no_image_available_small.gif;E6E76C7F-C145-4CAD-A9E8-B1E4E845A2C0;11-03-2008
879;All-Purpose Bike Stand;ST-1401;;59.4660;159.0000;;;31;122;01-07-2007;;;net.sourceforge.jtds.jdbc.BlobImpl@3fee9989;no_image_available_small.gif;C7BB564B-A637-40F5-B21B-CBF7E4F713BE;11-03-2008
880;Hydration Pack - 70 oz.;HY-1023-70;Silver;20.5663;54.9900;70;;36;107;01-07-2007;;;net.sourceforge.jtds.jdbc.BlobImpl@73ad2d6;no_image_available_small.gif;A99D90C0-05E2-4E44-AD90-C55C9F0784DE;11-03-2008
881;Short-Sleeve Classic Jersey, S;SJ-0194-S;Yellow;41.5723;53.9900;S;;25;32;01-07-2007;;;net.sourceforge.jtds.jdbc.BlobImpl@7085bdee;awc_tee_male_yellow_small.gif;05B2E20F-2399-4CB3-9B49-B28D6649C104;11-03-2008
882;Short-Sleeve Classic Jersey, M;SJ-0194-M;Yellow;41.5723;53.9900;M;;25;32;01-07-2007;;;net.sourceforge.jtds.jdbc.BlobImpl@1ce92674;awc_tee_male_yellow_small.gif;BBBF003B-367D-4D71-AF71-10F50B6234A0;11-03-2008
883;Short-Sleeve Classic Jersey, L;SJ-0194-L;Yellow;41.5723;53.9900;L;;25;32;01-07-2007;;;net.sourceforge.jtds.jdbc.BlobImpl@5700d6b1;awc_tee_male_yellow_small.gif;2D9F59B8-9F24-46EB-98AD-553E48BB9DB9;11-03-2008
884;Short-Sleeve Classic Jersey, XL;SJ-0194-X;Yellow;41.5723;53.9900;XL;;25;32;01-07-2007;;;net.sourceforge.jtds.jdbc.BlobImpl@6fd02e5;awc_tee_male_yellow_small.gif;906D42F6-C21F-4D20-B528-02FFDB55FD1E;11-03-2008
885;HL Touring Frame - Yellow, 60;FR-T98Y-60;Yellow;601.7437;1003.9100;60;1397.06;20;7;01-07-2007;;;net.sourceforge.jtds.jdbc.BlobImpl@5bcab519;no_image_available_small.gif;C49679BD-96A9-4176-A7ED-5BC6D6444647;11-03-2008
886;LL Touring Frame - Yellow, 62;FR-T67Y-62;Yellow;199.8519;333.4200;62;1451.49;20;10;01-07-2007;;;net.sourceforge.jtds.jdbc.BlobImpl@e45f292;frame_small.gif;8D4D52A6-8ABC-4C05-BE4D-C067FAF1A64E;11-03-2008
887;HL Touring Frame - Yellow, 46;FR-T98Y-46;Yellow;601.7437;1003.9100;46;1342.63;20;7;01-07-2007;;;net.sourceforge.jtds.jdbc.BlobImpl@5f2108b5;no_image_available_small.gif;137675A7-34CD-4B7A-ABE1-4E0EEB79B65D;11-03-2008
888;HL Touring Frame - Yellow, 50;FR-T98Y-50;Yellow;601.7437;1003.9100;50;1360.77;20;7;01-07-2007;;;net.sourceforge.jtds.jdbc.BlobImpl@31a5c39e;no_image_available_small.gif;105EC6E5-30C5-4FE3-A08B-CB324C85323D;11-03-2008
889;HL Touring Frame - Yellow, 54;FR-T98Y-54;Yellow;601.7437;1003.9100;54;1378.91;20;7;01-07-2007;;;net.sourceforge.jtds.jdbc.BlobImpl@3f49dace;no_image_available_small.gif;12B1F317-C39B-48D0-B1A7-8018C60AEA53;11-03-2008
890;HL Touring Frame - Blue, 46;FR-T98U-46;Blue;601.7437;1003.9100;46;1342.63;20;7;01-07-2007;;;net.sourceforge.jtds.jdbc.BlobImpl@1e397ed7;no_image_available_small.gif;8BBD3437-A58B-41A0-9503-FC14B23E7678;11-03-2008
891;HL Touring Frame - Blue, 50;FR-T98U-50;Blue;601.7437;1003.9100;50;1360.77;20;7;01-07-2007;;;net.sourceforge.jtds.jdbc.BlobImpl@490ab905;no_image_available_small.gif;C4244F0C-ABCE-451B-A895-83C0E6D1F448;11-03-2008
892;HL Touring Frame - Blue, 54;FR-T98U-54;Blue;601.7437;1003.9100;54;1378.91;20;7;01-07-2007;;;net.sourceforge.jtds.jdbc.BlobImpl@56ac3a89;no_image_available_small.gif;E9AAE947-6BC3-4909-8937-3E1CDCEC8A8F;11-03-2008
893;HL Touring Frame - Blue, 60;FR-T98U-60;Blue;601.7437;1003.9100;60;1397.06;20;7;01-07-2007;;;net.sourceforge.jtds.jdbc.BlobImpl@27c20538;no_image_available_small.gif;B01951A4-A581-4D10-9DC2-515DA180F1B8;11-03-2008
894;Rear Derailleur;RD-2308;Silver;53.9282;121.4600;;215.00;13;127;01-07-2007;;;net.sourceforge.jtds.jdbc.BlobImpl@72d818d1;sprocket_small.gif;5EBFCF02-4E3E-443A-AD60-5AEEF28DAC76;11-03-2008
895;LL Touring Frame - Blue, 50;FR-T67U-50;Blue;199.8519;333.4200;50;1406.13;20;10;01-07-2007;;;net.sourceforge.jtds.jdbc.BlobImpl@6e06451e;no_image_available_small.gif;B78ECCCA-FA88-4071-9110-410585127E46;11-03-2008
896;LL Touring Frame - Blue, 54;FR-T67U-54;Blue;199.8519;333.4200;54;1424.27;20;10;01-07-2007;;;net.sourceforge.jtds.jdbc.BlobImpl@59494225;no_image_available_small.gif;0FF799C9-DD11-4B81-AAF7-65410017405B;11-03-2008
897;LL Touring Frame - Blue, 58;FR-T67U-58;Blue;199.8519;333.4200;58;1433.34;20;10;01-07-2007;;;net.sourceforge.jtds.jdbc.BlobImpl@6e1567f1;no_image_available_small.gif;CCD4FA47-7194-4BD0-909B-1FA4BD7916A7;11-03-2008
898;LL Touring Frame - Blue, 62;FR-T67U-62;Blue;199.8519;333.4200;62;1451.49;20;10;01-07-2007;;;net.sourceforge.jtds.jdbc.BlobImpl@5cb9f472;no_image_available_small.gif;08A211A5-DCD2-42D0-9276-64D92D4890A6;11-03-2008
899;LL Touring Frame - Yellow, 44;FR-T67Y-44;Yellow;199.8519;333.4200;44;1369.84;20;10;01-07-2007;;;net.sourceforge.jtds.jdbc.BlobImpl@cb644e;frame_small.gif;109CB7BC-6EC6-4A36-85C8-55B843B2AB12;11-03-2008
900;LL Touring Frame - Yellow, 50;FR-T67Y-50;Yellow;199.8519;333.4200;50;1406.13;20;10;01-07-2007;;;net.sourceforge.jtds.jdbc.BlobImpl@13805618;frame_small.gif;285FD682-C647-49D1-B8F3-368A43C9CDA0;11-03-2008
901;LL Touring Frame - Yellow, 54;FR-T67Y-54;Yellow;199.8519;333.4200;54;1424.27;20;10;01-07-2007;;;net.sourceforge.jtds.jdbc.BlobImpl@56ef9176;frame_small.gif;2536E3B2-D4DA-49E6-965A-F612C2C8914F;11-03-2008
902;LL Touring Frame - Yellow, 58;FR-T67Y-58;Yellow;199.8519;333.4200;58;1433.34;20;10;01-07-2007;;;net.sourceforge.jtds.jdbc.BlobImpl@4566e5bd;frame_small.gif;5D17FF1C-F50E-438F-A4E9-7C400FB762E7;11-03-2008
903;LL Touring Frame - Blue, 44;FR-T67U-44;Blue;199.8519;333.4200;44;1369.84;20;10;01-07-2007;;;net.sourceforge.jtds.jdbc.BlobImpl@1ed4004b;no_image_available_small.gif;E9C17BE7-F4DC-465E-AB73-C0198F37BFDD;11-03-2008
904;ML Mountain Frame-W - Silver, 40;FR-M63S-40;Silver;199.3757;364.0900;40;1256.44;16;15;01-07-2007;;;net.sourceforge.jtds.jdbc.BlobImpl@ff5b51f;no_image_available_small.gif;A7DDE43E-F7D5-4075-A0C1-C866AD7AA154;11-03-2008
905;ML Mountain Frame-W - Silver, 42;FR-M63S-42;Silver;199.3757;364.0900;42;1274.59;16;15;01-07-2007;;;net.sourceforge.jtds.jdbc.BlobImpl@25bbe1b6;no_image_available_small.gif;D4A2FCAD-1E63-4EBD-863C-5A7C48D5B8D9;11-03-2008
906;ML Mountain Frame-W - Silver, 46;FR-M63S-46;Silver;199.3757;364.0900;46;1292.73;16;15;01-07-2007;;;net.sourceforge.jtds.jdbc.BlobImpl@5702b3b1;no_image_available_small.gif;82025C63-7B28-412D-92C1-408E0E6AE646;11-03-2008
907;Rear Brakes;RB-9231;Silver;47.2860;106.5000;;317.00;10;128;01-07-2007;;;net.sourceforge.jtds.jdbc.BlobImpl@69ea3742;no_image_available_small.gif;5946F163-93F0-4141-B17E-55D9778CC274;11-03-2008
908;LL Mountain Seat/Saddle;SE-M236;;12.0413;27.1200;;;19;79;01-07-2007;;;net.sourceforge.jtds.jdbc.BlobImpl@4b952a2d;saddle_small.gif;4DAB53C5-31E7-47D6-A5A0-940F8D4DAD22;11-03-2008
909;ML Mountain Seat/Saddle;SE-M798;;17.3782;39.1400;;;19;80;01-07-2007;;;net.sourceforge.jtds.jdbc.BlobImpl@3159c4b8;no_image_available_small.gif;30222244-0FD8-4D28-8448-F2E658BF52BD;11-03-2008
910;HL Mountain Seat/Saddle;SE-M940;;23.3722;52.6400;;;19;81;01-07-2007;;;net.sourceforge.jtds.jdbc.BlobImpl@73846619;no_image_available_small.gif;A96A5024-87DE-488A-BF81-BC0C81F6CD18;11-03-2008
911;LL Road Seat/Saddle;SE-R581;;12.0413;27.1200;;;19;82;01-07-2007;;;net.sourceforge.jtds.jdbc.BlobImpl@4bec1f0c;no_image_available_small.gif;31B9BC62-792B-4E7A-A24D-411DC76E0271;11-03-2008
912;ML Road Seat/Saddle;SE-R908;;17.3782;39.1400;;;19;83;01-07-2007;;;net.sourceforge.jtds.jdbc.BlobImpl@29ca901e;no_image_available_small.gif;49845AFE-A8CC-4354-A5D4-09D35BF7FB9E;11-03-2008
913;HL Road Seat/Saddle;SE-R995;;23.3722;52.6400;;;19;84;01-07-2007;;;net.sourceforge.jtds.jdbc.BlobImpl@5649fd9b;no_image_available_small.gif;2BEFE629-4B2A-41A1-A009-DF13EAD69105;11-03-2008
914;LL Touring Seat/Saddle;SE-T312;;12.0413;27.1200;;;19;66;01-07-2007;;;net.sourceforge.jtds.jdbc.BlobImpl@6adede5;no_image_available_small.gif;7874A1D6-7A5B-412F-A2EB-C2F457B9603D;11-03-2008
915;ML Touring Seat/Saddle;SE-T762;;17.3782;39.1400;;;19;65;01-07-2007;;;net.sourceforge.jtds.jdbc.BlobImpl@2d928643;no_image_available_small.gif;072ACB72-7796-4BD0-9BBB-6EFC29AC336C;11-03-2008
916;HL Touring Seat/Saddle;SE-T924;;23.3722;52.6400;;;19;67;01-07-2007;;;net.sourceforge.jtds.jdbc.BlobImpl@5025a98f;no_image_available_small.gif;0E158724-934D-4A64-991F-94FEC00BDEA8;11-03-2008
917;LL Mountain Frame - Silver, 42;FR-M21S-42;Silver;144.5938;264.0500;42;1324.48;16;8;01-07-2007;;;net.sourceforge.jtds.jdbc.BlobImpl@49993335;no_image_available_small.gif;37BD4D2B-346B-4C6B-8F3F-85C084282529;11-03-2008
918;LL Mountain Frame - Silver, 44;FR-M21S-44;Silver;144.5938;264.0500;44;1342.63;16;8;01-07-2007;;;net.sourceforge.jtds.jdbc.BlobImpl@20322d26;no_image_available_small.gif;393A4D00-7428-41F0-A48A-AF26B00E9A9C;11-03-2008
919;LL Mountain Frame - Silver, 48;FR-M21S-48;Silver;144.5938;264.0500;48;1360.77;16;8;01-07-2007;;;net.sourceforge.jtds.jdbc.BlobImpl@192b07fd;no_image_available_small.gif;8DFEF6F2-91A8-4884-8949-B2551218B37A;11-03-2008
920;LL Mountain Frame - Silver, 52;FR-M21S-52;Silver;144.5938;264.0500;52;1378.91;16;8;01-07-2007;;;net.sourceforge.jtds.jdbc.BlobImpl@64bfbc86;no_image_available_small.gif;F230BAAC-5951-4EB1-B1E8-94C2CA2B37FA;11-03-2008
921;Mountain Tire Tube;TT-M928;;1.8663;4.9900;;;41;92;01-07-2007;;;net.sourceforge.jtds.jdbc.BlobImpl@64bf3bbf;no_image_available_small.gif;01A8C3FC-ED52-458E-A634-D5B6E2ACCFED;11-03-2008
922;Road Tire Tube;TT-R982;;1.4923;3.9900;;;41;93;01-07-2007;;;net.sourceforge.jtds.jdbc.BlobImpl@55d56113;no_image_available_small.gif;EA442BD7-F69B-42D9-AA71-95E10B648F52;11-03-2008
923;Touring Tire Tube;TT-T092;;1.8663;4.9900;;;41;94;01-07-2007;;;net.sourceforge.jtds.jdbc.BlobImpl@148080bb;innertube_small.gif;179FEC38-CAB5-4A47-BCFF-31CFC9E43A3C;11-03-2008
924;LL Mountain Frame - Black, 42;FR-M21B-42;Black;136.7850;249.7900;42;1324.48;16;8;01-07-2007;;;net.sourceforge.jtds.jdbc.BlobImpl@dc24521;no_image_available_small.gif;FAABD7FB-CB35-4BAD-8857-EC71468686AD;11-03-2008
925;LL Mountain Frame - Black, 44;FR-M21B-44;Black;136.7850;249.7900;44;1342.63;16;8;01-07-2007;;;net.sourceforge.jtds.jdbc.BlobImpl@10bdf5e5;no_image_available_small.gif;47AB0300-7B55-4D35-A786-80190976B9B5;11-03-2008
926;LL Mountain Frame - Black, 48;FR-M21B-48;Black;136.7850;249.7900;48;1360.77;16;8;01-07-2007;;;net.sourceforge.jtds.jdbc.BlobImpl@6e1ec318;no_image_available_small.gif;408435AA-15C0-41E5-981F-32A8226AF15F;11-03-2008
927;LL Mountain Frame - Black, 52;FR-M21B-52;Black;136.7850;249.7900;52;1378.91;16;8;01-07-2007;;;net.sourceforge.jtds.jdbc.BlobImpl@7e0b0338;no_image_available_small.gif;4800F4E6-99EA-4AFD-A392-2CB05265D0D4;11-03-2008
928;LL Mountain Tire;TI-M267;;9.3463;24.9900;;;41;85;01-07-2007;;;net.sourceforge.jtds.jdbc.BlobImpl@617faa95;no_image_available_small.gif;76060A93-949C-48EA-9B31-A593D6C14983;11-03-2008
929;ML Mountain Tire;TI-M602;;11.2163;29.9900;;;41;86;01-07-2007;;;net.sourceforge.jtds.jdbc.BlobImpl@1e127982;no_image_available_small.gif;DAFF9E11-6254-432D-8C4F-F06E52687184;11-03-2008
930;HL Mountain Tire;TI-M823;;13.0900;35.0000;;;41;87;01-07-2007;;;net.sourceforge.jtds.jdbc.BlobImpl@60c6f5b;mb_tires_small.gif;DDAD25F5-0445-4B5C-8466-6446930AD8B8;11-03-2008
931;LL Road Tire;TI-R092;;8.0373;21.4900;;;41;88;01-07-2007;;;net.sourceforge.jtds.jdbc.BlobImpl@2038ae61;no_image_available_small.gif;15B569A6-D172-42C2-A420-62AB5946CC80;11-03-2008
932;ML Road Tire;TI-R628;;9.3463;24.9900;;;41;89;01-07-2007;;;net.sourceforge.jtds.jdbc.BlobImpl@3c0f93f1;no_image_available_small.gif;D1016CC5-C12B-4F05-915C-70FA062E4A64;11-03-2008
933;HL Road Tire;TI-R982;;12.1924;32.6000;;;41;90;01-07-2007;;;net.sourceforge.jtds.jdbc.BlobImpl@31dc339b;street_tires_small.gif;C86DE56A-5048-4B89-B7C7-56BC75C9BCEE;11-03-2008
934;Touring Tire;TI-T723;;10.8423;28.9900;;;41;91;01-07-2007;;;net.sourceforge.jtds.jdbc.BlobImpl@544fe44c;no_image_available_small.gif;9D5CA300-5302-41E1-BCA5-8CE5B93F26A5;11-03-2008
935;LL Mountain Pedal;PD-M282;Silver/Black;17.9776;40.4900;;218.00;17;62;01-07-2007;;;net.sourceforge.jtds.jdbc.BlobImpl@31610302;pedal_small.gif;9FDD0C65-B2B0-4C6C-8704-3A9747BE5174;11-03-2008
936;ML Mountain Pedal;PD-M340;Silver/Black;27.5680;62.0900;;215.00;17;63;01-07-2007;;;net.sourceforge.jtds.jdbc.BlobImpl@71318ec4;pedal_small.gif;274C86DC-439E-4469-9DE8-7E9BD6455D0D;11-03-2008
937;HL Mountain Pedal;PD-M562;Silver/Black;35.9596;80.9900;;185.00;17;64;01-07-2007;;;net.sourceforge.jtds.jdbc.BlobImpl@21213b92;pedal_small.gif;A05464E8-6B4D-42B3-A4D6-8683136F4B66;11-03-2008
938;LL Road Pedal;PD-R347;Silver/Black;17.9776;40.4900;;189.00;17;68;01-07-2007;;;net.sourceforge.jtds.jdbc.BlobImpl@a67c67e;clipless_pedals_small.gif;2C7DD8C3-4C55-475F-BA58-F4BACA520D72;11-03-2008
939;ML Road Pedal;PD-R563;Silver/Black;27.5680;62.0900;;168.00;17;69;01-07-2007;;;net.sourceforge.jtds.jdbc.BlobImpl@3327bd23;clipless_pedals_small.gif;216AD46F-BC3F-4862-B0E9-2E261E5A6059;11-03-2008
940;HL Road Pedal;PD-R853;Silver/Black;35.9596;80.9900;;149.00;17;70;01-07-2007;;;net.sourceforge.jtds.jdbc.BlobImpl@4e1d422d;clipless_pedals_small.gif;44E96967-AB99-41ED-8B41-5BC70A5CA1A9;11-03-2008
941;Touring Pedal;PD-T852;Silver/Black;35.9596;80.9900;;;17;53;01-07-2007;;;net.sourceforge.jtds.jdbc.BlobImpl@66480dd7;clipless_pedals_small.gif;6967C816-3EBB-45FA-8547-CEF00E08573E;11-03-2008
942;ML Mountain Frame-W - Silver, 38;FR-M63S-38;Silver;199.3757;364.0900;38;1238.30;16;15;01-07-2007;;;net.sourceforge.jtds.jdbc.BlobImpl@52a86356;no_image_available_small.gif;BA3646B0-1487-426E-AB4E-57D42E6F9233;11-03-2008
943;LL Mountain Frame - Black, 40;FR-M21B-40;Black;136.7850;249.7900;40;1306.34;16;8;01-07-2007;;;net.sourceforge.jtds.jdbc.BlobImpl@5ce81285;no_image_available_small.gif;3050E4DF-2BBA-4C2B-BDCC-B4C89972DB1C;11-03-2008
944;LL Mountain Frame - Silver, 40;FR-M21S-40;Silver;144.5938;264.0500;40;1306.34;16;8;01-07-2007;;;net.sourceforge.jtds.jdbc.BlobImpl@78c03f1f;no_image_available_small.gif;756F862E-40CC-4DFC-B189-716D0DDA5FF9;11-03-2008
945;Front Derailleur;FD-2342;Silver;40.6216;91.4900;;88.00;13;103;01-07-2007;;;net.sourceforge.jtds.jdbc.BlobImpl@5ec0a365;no_image_available_small.gif;448E9E7B-9548-4A4C-ABB3-853686AA7517;11-03-2008
946;LL Touring Handlebars;HB-T721;;20.4640;46.0900;;;8;47;01-07-2007;;;net.sourceforge.jtds.jdbc.BlobImpl@4fe3c938;no_image_available_small.gif;A2F1352E-45D0-42C4-AEF3-60033073BB66;11-03-2008
947;HL Touring Handlebars;HB-T928;;40.6571;91.5700;;;8;48;01-07-2007;;;net.sourceforge.jtds.jdbc.BlobImpl@5383967b;no_image_available_small.gif;CB524E92-4FA8-4F6C-9993-60796856C654;11-03-2008
948;Front Brakes;FB-9873;Silver;47.2860;106.5000;;317.00;10;102;01-07-2007;;;net.sourceforge.jtds.jdbc.BlobImpl@2ac273d3;no_image_available_small.gif;C1813164-1B4B-42D1-9007-4E5F9AEE0E19;11-03-2008
949;LL Crankset;CS-4759;Black;77.9176;175.4900;;600.00;12;99;01-07-2007;;;net.sourceforge.jtds.jdbc.BlobImpl@71423665;no_image_available_small.gif;41D47371-4374-46D3-8D61-B07616EC54F0;11-03-2008
950;ML Crankset;CS-6583;Black;113.8816;256.4900;;635.00;12;100;01-07-2007;;;net.sourceforge.jtds.jdbc.BlobImpl@20398b7c;no_image_available_small.gif;D3A7A02C-A3D5-4A04-9454-0C4E43772B78;11-03-2008
951;HL Crankset;CS-9183;Black;179.8156;404.9900;;575.00;12;101;01-07-2007;;;net.sourceforge.jtds.jdbc.BlobImpl@6fc6f14e;no_image_available_small.gif;2C4A8956-7B72-48FE-B028-699E117B1DAA;11-03-2008
952;Chain;CH-0234;Silver;8.9866;20.2400;;;11;98;01-07-2007;;;net.sourceforge.jtds.jdbc.BlobImpl@56235b8e;silver_chain_small.gif;5D27E2A5-27EC-4CCB-BA2C-FC980FFE6708;11-03-2008
953;Touring-2000 Blue, 60;BK-T44U-60;Blue;755.1508;1214.8500;60;12655.16;7;35;01-07-2007;;;net.sourceforge.jtds.jdbc.BlobImpl@3632be31;julianax_r_02_blue_small.gif;F1BB3957-8D27-47F3-91EC-C71822D11436;11-03-2008
954;Touring-1000 Yellow, 46;BK-T79Y-46;Yellow;1481.9379;2384.0700;46;11398.72;7;34;01-07-2007;;;net.sourceforge.jtds.jdbc.BlobImpl@5abca1e0;julianax_r_02_yellow_small.gif;83B77413-8C8A-4AF1-93E4-136EDB7FF15F;11-03-2008
955;Touring-1000 Yellow, 50;BK-T79Y-50;Yellow;1481.9379;2384.0700;50;11530.26;7;34;01-07-2007;;;net.sourceforge.jtds.jdbc.BlobImpl@2286778;julianax_r_02_yellow_small.gif;5EC991AD-8761-4A61-A318-312DF3A78604;11-03-2008
956;Touring-1000 Yellow, 54;BK-T79Y-54;Yellow;1481.9379;2384.0700;54;11648.19;7;34;01-07-2007;;;net.sourceforge.jtds.jdbc.BlobImpl@4e9ba398;julianax_r_02_yellow_small.gif;1220B0F0-064D-46B7-8507-1FA758B77B9C;11-03-2008
957;Touring-1000 Yellow, 60;BK-T79Y-60;Yellow;1481.9379;2384.0700;60;11747.98;7;34;01-07-2007;;;net.sourceforge.jtds.jdbc.BlobImpl@6d7b4f4c;julianax_r_02_yellow_small.gif;BCD1A5A9-6140-4DC9-9620-689DC7E4C155;11-03-2008
958;Touring-3000 Blue, 54;BK-T18U-54;Blue;461.4448;742.3500;54;13462.55;7;36;01-07-2007;;;net.sourceforge.jtds.jdbc.BlobImpl@527740a2;julianax_r_02_blue_small.gif;A3EE6897-52FE-42E4-92EC-7A91E7BB905A;11-03-2008
959;Touring-3000 Blue, 58;BK-T18U-58;Blue;461.4448;742.3500;58;13562.34;7;36;01-07-2007;;;net.sourceforge.jtds.jdbc.BlobImpl@13a5fe33;julianax_r_02_blue_small.gif;23D89CEE-9F44-4F3E-B289-63DE6BA2B737;11-03-2008
960;Touring-3000 Blue, 62;BK-T18U-62;Blue;461.4448;742.3500;62;13607.70;7;36;01-07-2007;;;net.sourceforge.jtds.jdbc.BlobImpl@3108bc;julianax_r_02_blue_small.gif;060192C9-BCD9-4260-B729-D6BCFADFB08E;11-03-2008
961;Touring-3000 Yellow, 44;BK-T18Y-44;Yellow;461.4448;742.3500;44;13049.78;7;36;01-07-2007;;;net.sourceforge.jtds.jdbc.BlobImpl@370736d9;julianax_r_02_yellow_small.gif;5646C15A-68AD-4234-B328-254706CBCCC5;11-03-2008
962;Touring-3000 Yellow, 50;BK-T18Y-50;Yellow;461.4448;742.3500;50;13213.08;7;36;01-07-2007;;;net.sourceforge.jtds.jdbc.BlobImpl@5f9d02cb;julianax_r_02_yellow_small.gif;DF85E805-AF87-4FAB-A668-C80F2A5B8A69;11-03-2008
963;Touring-3000 Yellow, 54;BK-T18Y-54;Yellow;461.4448;742.3500;54;13344.62;7;36;01-07-2007;;;net.sourceforge.jtds.jdbc.BlobImpl@63753b6d;julianax_r_02_yellow_small.gif;192BECD1-F465-4194-88A2-EE57FED3A3C5;11-03-2008
964;Touring-3000 Yellow, 58;BK-T18Y-58;Yellow;461.4448;742.3500;58;13512.45;7;36;01-07-2007;;;net.sourceforge.jtds.jdbc.BlobImpl@6b09bb57;julianax_r_02_yellow_small.gif;BED79F64-A53D-44A3-ACE8-2BAA425A5A54;11-03-2008
965;Touring-3000 Yellow, 62;BK-T18Y-62;Yellow;461.4448;742.3500;62;13607.70;7;36;01-07-2007;;;net.sourceforge.jtds.jdbc.BlobImpl@6536e911;julianax_r_02_yellow_small.gif;D28B3872-5173-40A4-B12F-655524386CC7;11-03-2008
966;Touring-1000 Blue, 46;BK-T79U-46;Blue;1481.9379;2384.0700;46;11398.72;7;34;01-07-2007;;;net.sourceforge.jtds.jdbc.BlobImpl@520a3426;julianax_r_02_blue_small.gif;86990D54-6EFB-4C53-9974-6C3B0297E222;11-03-2008
967;Touring-1000 Blue, 50;BK-T79U-50;Blue;1481.9379;2384.0700;50;11530.26;7;34;01-07-2007;;;net.sourceforge.jtds.jdbc.BlobImpl@18eed359;julianax_r_02_blue_small.gif;68C0A818-2985-46EB-8255-0FB70919FA24;11-03-2008
968;Touring-1000 Blue, 54;BK-T79U-54;Blue;1481.9379;2384.0700;54;11648.19;7;34;01-07-2007;;;net.sourceforge.jtds.jdbc.BlobImpl@3e9b1010;julianax_r_02_blue_small.gif;12280A8C-7578-4367-BA71-214BCC1E4792;11-03-2008
969;Touring-1000 Blue, 60;BK-T79U-60;Blue;1481.9379;2384.0700;60;11747.98;7;34;01-07-2007;;;net.sourceforge.jtds.jdbc.BlobImpl@6c3708b3;julianax_r_02_blue_small.gif;DD70CF36-449A-43FD-839D-A84EE14C849A;11-03-2008
970;Touring-2000 Blue, 46;BK-T44U-46;Blue;755.1508;1214.8500;46;12305.90;7;35;01-07-2007;;;net.sourceforge.jtds.jdbc.BlobImpl@6f1fba17;julianax_r_02_blue_small.gif;C0009006-715F-4B76-A05A-1A0D3ADFB49A;11-03-2008
971;Touring-2000 Blue, 50;BK-T44U-50;Blue;755.1508;1214.8500;50;12437.44;7;35;01-07-2007;;;net.sourceforge.jtds.jdbc.BlobImpl@185d8b6;julianax_r_02_blue_small.gif;84ABDA8F-0007-4BCA-9A61-B2DEA58866C3;11-03-2008
972;Touring-2000 Blue, 54;BK-T44U-54;Blue;755.1508;1214.8500;54;12555.37;7;35;01-07-2007;;;net.sourceforge.jtds.jdbc.BlobImpl@67784306;julianax_r_02_blue_small.gif;6DCFE2A3-3555-44E4-9116-6F6DBE448B8B;11-03-2008
973;Road-350-W Yellow, 40;BK-R79Y-40;Yellow;1082.5100;1700.9900;40;6962.61;6;27;01-07-2007;;;net.sourceforge.jtds.jdbc.BlobImpl@335eadca;roadster_yellow_f_small.gif;237B16D9-53F2-4FD4-BEFE-48209E57AEC3;11-03-2008
974;Road-350-W Yellow, 42;BK-R79Y-42;Yellow;1082.5100;1700.9900;42;7153.11;6;27;01-07-2007;;;net.sourceforge.jtds.jdbc.BlobImpl@210366b4;roadster_yellow_f_small.gif;80BD3F8B-42C7-43D8-91F5-9FB6175287AF;11-03-2008
975;Road-350-W Yellow, 44;BK-R79Y-44;Yellow;1082.5100;1700.9900;44;7316.41;6;27;01-07-2007;;;net.sourceforge.jtds.jdbc.BlobImpl@eec5a4a;roadster_yellow_f_small.gif;0C61E8AF-003D-4E4B-B5B7-02F01A26BE26;11-03-2008
976;Road-350-W Yellow, 48;BK-R79Y-48;Yellow;1082.5100;1700.9900;48;7447.95;6;27;01-07-2007;;;net.sourceforge.jtds.jdbc.BlobImpl@2b2948e2;roadster_yellow_f_small.gif;EC4284DC-85FA-44A8-89EC-77FC9B71720A;11-03-2008
977;Road-750 Black, 58;BK-R19B-58;Black;343.6496;539.9900;58;9430.14;6;31;01-07-2007;;;net.sourceforge.jtds.jdbc.BlobImpl@6ddf90b0;roadster_black_small.gif;87B81A1A-A5B5-43D2-A20D-0230800490B9;11-03-2008
978;Touring-3000 Blue, 44;BK-T18U-44;Blue;461.4448;742.3500;44;13049.78;7;36;01-07-2007;;;net.sourceforge.jtds.jdbc.BlobImpl@57536d79;julianax_r_02_blue_small.gif;4F638E15-2ED0-4193-90CE-47DA580E01DD;11-03-2008
979;Touring-3000 Blue, 50;BK-T18U-50;Blue;461.4448;742.3500;50;13213.08;7;36;01-07-2007;;;net.sourceforge.jtds.jdbc.BlobImpl@3b0143d3;julianax_r_02_blue_small.gif;DE305B62-88FC-465B-B23D-D8C0F7E6D361;11-03-2008
980;Mountain-400-W Silver, 38;BK-M38S-38;Silver;419.7784;769.4900;38;11952.10;5;22;01-07-2007;;;net.sourceforge.jtds.jdbc.BlobImpl@5a8e6209;hotrodbike_f_small.gif;7A927632-99A4-4F24-ADCE-0062D2D113D9;11-03-2008
981;Mountain-400-W Silver, 40;BK-M38S-40;Silver;419.7784;769.4900;40;12142.60;5;22;01-07-2007;;;net.sourceforge.jtds.jdbc.BlobImpl@4b4523f8;hotrodbike_f_small.gif;0A72791C-A984-4733-AE4E-2B4373CFD7CD;11-03-2008
982;Mountain-400-W Silver, 42;BK-M38S-42;Silver;419.7784;769.4900;42;12305.90;5;22;01-07-2007;;;net.sourceforge.jtds.jdbc.BlobImpl@731a74c;hotrodbike_f_small.gif;4EA4FE06-AAEA-42D4-A9D9-69F6A9A4A042;11-03-2008
983;Mountain-400-W Silver, 46;BK-M38S-46;Silver;419.7784;769.4900;46;12437.44;5;22;01-07-2007;;;net.sourceforge.jtds.jdbc.BlobImpl@369f73a2;hotrodbike_f_small.gif;0B0C8EE4-FF2D-438E-9CAC-464783B86191;11-03-2008
984;Mountain-500 Silver, 40;BK-M18S-40;Silver;308.2179;564.9900;40;12405.69;5;23;01-07-2007;;;net.sourceforge.jtds.jdbc.BlobImpl@1f28c152;no_image_available_small.gif;B96C057B-6416-4851-8D59-BCB37C8E6E51;11-03-2008
985;Mountain-500 Silver, 42;BK-M18S-42;Silver;308.2179;564.9900;42;12596.19;5;23;01-07-2007;;;net.sourceforge.jtds.jdbc.BlobImpl@7d907bac;no_image_available_small.gif;B8D1B5D9-8A39-4097-A04A-56E95559B534;11-03-2008
986;Mountain-500 Silver, 44;BK-M18S-44;Silver;308.2179;564.9900;44;12759.49;5;23;01-07-2007;;;net.sourceforge.jtds.jdbc.BlobImpl@7791a895;no_image_available_small.gif;E8CEC794-E8E2-4312-96A7-4832E573D3FC;11-03-2008
987;Mountain-500 Silver, 48;BK-M18S-48;Silver;308.2179;564.9900;48;12891.03;5;23;01-07-2007;;;net.sourceforge.jtds.jdbc.BlobImpl@3a5ed7a6;no_image_available_small.gif;77EF419F-481F-40B9-BDB9-7E6678E550E3;11-03-2008
988;Mountain-500 Silver, 52;BK-M18S-52;Silver;308.2179;564.9900;52;13008.96;5;23;01-07-2007;;;net.sourceforge.jtds.jdbc.BlobImpl@6325a3ee;no_image_available_small.gif;CAD60945-183E-4AB3-A70C-3F5BAC6BF134;11-03-2008
989;Mountain-500 Black, 40;BK-M18B-40;Black;294.5797;539.9900;40;12405.69;5;23;01-07-2007;;;net.sourceforge.jtds.jdbc.BlobImpl@1d16f93d;no_image_available_small.gif;28287157-3F06-487B-8531-BEE8A37329E4;11-03-2008
990;Mountain-500 Black, 42;BK-M18B-42;Black;294.5797;539.9900;42;12596.19;5;23;01-07-2007;;;net.sourceforge.jtds.jdbc.BlobImpl@67b92f0a;no_image_available_small.gif;F5752C9C-56BA-41A7-83FD-139DA28C15FA;11-03-2008
991;Mountain-500 Black, 44;BK-M18B-44;Black;294.5797;539.9900;44;12759.49;5;23;01-07-2007;;;net.sourceforge.jtds.jdbc.BlobImpl@2b9627bc;no_image_available_small.gif;C7852127-2FB8-4959-B5A3-DE5A8D6445E4;11-03-2008
992;Mountain-500 Black, 48;BK-M18B-48;Black;294.5797;539.9900;48;12891.03;5;23;01-07-2007;;;net.sourceforge.jtds.jdbc.BlobImpl@65e2dbf3;no_image_available_small.gif;75752E26-A3B6-4264-9B06-F23A4FBDC5A7;11-03-2008
993;Mountain-500 Black, 52;BK-M18B-52;Black;294.5797;539.9900;52;13008.96;5;23;01-07-2007;;;net.sourceforge.jtds.jdbc.BlobImpl@4f970963;no_image_available_small.gif;69EE3B55-E142-4E4F-AED8-AF02978FBE87;11-03-2008
994;LL Bottom Bracket;BB-7421;;23.9716;53.9900;;223.00;9;95;01-07-2007;;;net.sourceforge.jtds.jdbc.BlobImpl@61f8bee4;no_image_available_small.gif;FA3C65CD-0A22-47E3-BDF6-53F1DC138C43;11-03-2008
995;ML Bottom Bracket;BB-8107;;44.9506;101.2400;;168.00;9;96;01-07-2007;;;net.sourceforge.jtds.jdbc.BlobImpl@7b49cea0;no_image_available_small.gif;71AB847F-D091-42D6-B735-7B0C2D82FC84;11-03-2008
996;HL Bottom Bracket;BB-9108;;53.9416;121.4900;;170.00;9;97;01-07-2007;;;net.sourceforge.jtds.jdbc.BlobImpl@887af79;no_image_available_small.gif;230C47C5-08B2-4CE3-B706-69C0BDD62965;11-03-2008
997;Road-750 Black, 44;BK-R19B-44;Black;343.6496;539.9900;44;8967.47;6;31;01-07-2007;;;net.sourceforge.jtds.jdbc.BlobImpl@7fac631b;roadster_black_small.gif;44CE4802-409F-43AB-9B27-CA53421805BE;11-03-2008
998;Road-750 Black, 48;BK-R19B-48;Black;343.6496;539.9900;48;9130.77;6;31;01-07-2007;;;net.sourceforge.jtds.jdbc.BlobImpl@5b87ed94;roadster_black_small.gif;3DE9A212-1D49-40B6-B10A-F564D981DBDE;11-03-2008
999;Road-750 Black, 52;BK-R19B-52;Black;343.6496;539.9900;52;9262.31;6;31;01-07-2007;;;net.sourceforge.jtds.jdbc.BlobImpl@6e0e048a;roadster_black_small.gif;AE638923-2B67-4679-B90E-ABBAB17DCA31;11-03-2008
