71774;99700 Bell Road;Auburn;California;United States;Mr.;David;Hodgson;linda3
71776;251 The Metro Center;Wokingham;England;United Kingdom;Ms.;Andrea;Thomsen;jae0
71780;Burgess Hill;West Sussex;England;United Kingdom;Mr.;Raja;Venugopal;jae0
71782;57251 Serene Blvd;Van Nuys;California;United States;Ms.;Catherine;Abel;linda3
71783;9992 Whipple Rd;Union City;California;United States;Mr.;Kevin;Liu;linda3
71784;Warrington Ldc Unit 25/2;Woolston;England;United Kingdom;Mr.;Terry;Eminhizer;jae0
71796;Riverside;Sherman Oaks;California;United States;Mr.;Anthony;Chor;linda3
71797;Galashiels;Liverpool;England;United Kingdom;Mr.;Jon;Grande;jae0
71815;Oxnard Outlet;Oxnard;California;United States;Mr.;Michael John;Troyer;linda3
71816;123 Camelia Avenue;Oxnard;California;United States;Mr.;Joseph;Mitzner;shu0
71831;Wymbush;Milton Keynes;England;United Kingdom;Mr.;Matthew;Miller;jae0
71832;Garamonde Drive, Wymbush;Milton Keynes;England;United Kingdom;Ms.;Pamala;Kotc;jae0
71845;251340 E. South St.;Cerritos;California;United States;Mr.;Frank;Campbell;shu0
71846;Internet House, 3399 Science Park;Cambridge;England;United Kingdom;Mr.;Roger;Van Houten;jae0
71856;25130 South State Street;Sandy;Utah;United States;Mr.;Vassar;Stern;shu0
71858;4660 Rodeo Road;Santa Fe;New Mexico;United States;Mr.;Pei;Chow;linda3
71863;Po Box 252525;Santa Ana;California;United States;Mr.;Walter;Mays;linda3
71867;Banbury;Oxon;England;United Kingdom;Ms.;Brigid;Cavendish;jae0
71885;Knaves Beech Ind.;High Wycombe;England;United Kingdom;Mr.;Richard;Byham;jae0
71895;25136 Jefferson Blvd.;Culver City;California;United States;Mr.;Walter;Brian;shu0
71897;955 E. County Line Rd.;Englewood;Colorado;United States;Ms.;Joyce;Jarvis;shu0
71898;Phoenix Way, Cirencester;Gloucestershire;England;United Kingdom;Ms.;Rebecca;Laszlo;jae0
71899;Corporate Office;El Segundo;California;United States;Mr.;Donald;Blanton;shu0
71902;Receiving;Fullerton;California;United States;Mr.;Jeffrey;Kurtz;shu0
71915;39933 Mission Oaks Blvd;Camarillo;California;United States;Ms.;Rosmarie;Carroll;linda3
71917;New Millhouse, 2583 Milton Park;Abingdon;England;United Kingdom;Ms.;Linda;Mitchell;jae0
71920;603 Gellert Blvd;Daly City;California;United States;Ms.;Melissa;Marple;shu0
71923;Vista Marketplace;Alhambra;California;United States;Mr.;Guy;Gilbert;shu0
71935;Eastern Beltway Center;Las Vegas;Nevada;United States;Mr.;Cory;Booth;linda3
71936;Paramount House;London;England;United Kingdom;Mr.;Krishna;Sunkammurali;jae0
71938;93-2501, Blackfriars Road,;London;England;United Kingdom;Mr.;Christopher;Beck;jae0
71946;6 The Farm, Liberty Road;Maidenhead;England;United Kingdom;Sra.;Janeth;Esteves;jae0
