ProductID;Name;ProductNumber;Color;StandardCost;ListPrice;SellStartDate;SellEndDate;DiscontinuedDate;CategoryName;ModelName
680;HL Road Frame - Black, 58;FR-R92B-58;Black;1059.3100;1431.5000;01-06-2002;;;Road Frames;HL Road Frame
706;HL Road Frame - Red, 58;FR-R92R-58;Red;1059.3100;1431.5000;01-06-2002;;;Road Frames;HL Road Frame
707;Sport-100 Helmet, Red;HL-U509-R;Red;13.0863;34.9900;01-07-2005;;;Helmets;Sport-100
708;Sport-100 Helmet, Black;HL-U509;Black;13.0863;34.9900;01-07-2005;;;Helmets;Sport-100
709;Mountain Bike Socks, M;SO-B909-M;White;3.3963;9.5000;01-07-2005;30-06-2006;;Socks;Mountain Bike Socks
710;Mountain Bike Socks, L;SO-B909-L;White;3.3963;9.5000;01-07-2005;30-06-2006;;Socks;Mountain Bike Socks
711;Sport-100 Helmet, Blue;HL-U509-B;Blue;13.0863;34.9900;01-07-2005;;;Helmets;Sport-100
712;AWC Logo Cap;CA-1098;Multi;6.9223;8.9900;01-07-2005;;;Caps;Cycling Cap
713;Long-Sleeve Logo Jersey, S;LJ-0192-S;Multi;38.4923;49.9900;01-07-2005;;;Jerseys;Long-Sleeve Logo Jersey
714;Long-Sleeve Logo Jersey, M;LJ-0192-M;Multi;38.4923;49.9900;01-07-2005;;;Jerseys;Long-Sleeve Logo Jersey
715;Long-Sleeve Logo Jersey, L;LJ-0192-L;Multi;38.4923;49.9900;01-07-2005;;;Jerseys;Long-Sleeve Logo Jersey
716;Long-Sleeve Logo Jersey, XL;LJ-0192-X;Multi;38.4923;49.9900;01-07-2005;;;Jerseys;Long-Sleeve Logo Jersey
717;HL Road Frame - Red, 62;FR-R92R-62;Red;868.6342;1431.5000;01-07-2005;;;Road Frames;HL Road Frame
718;HL Road Frame - Red, 44;FR-R92R-44;Red;868.6342;1431.5000;01-07-2005;;;Road Frames;HL Road Frame
719;HL Road Frame - Red, 48;FR-R92R-48;Red;868.6342;1431.5000;01-07-2005;;;Road Frames;HL Road Frame
720;HL Road Frame - Red, 52;FR-R92R-52;Red;868.6342;1431.5000;01-07-2005;;;Road Frames;HL Road Frame
721;HL Road Frame - Red, 56;FR-R92R-56;Red;868.6342;1431.5000;01-07-2005;;;Road Frames;HL Road Frame
722;LL Road Frame - Black, 58;FR-R38B-58;Black;204.6251;337.2200;01-07-2005;;;Road Frames;LL Road Frame
723;LL Road Frame - Black, 60;FR-R38B-60;Black;204.6251;337.2200;01-07-2005;;;Road Frames;LL Road Frame
724;LL Road Frame - Black, 62;FR-R38B-62;Black;204.6251;337.2200;01-07-2005;;;Road Frames;LL Road Frame
725;LL Road Frame - Red, 44;FR-R38R-44;Red;187.1571;337.2200;01-07-2005;30-06-2007;;Road Frames;LL Road Frame
726;LL Road Frame - Red, 48;FR-R38R-48;Red;187.1571;337.2200;01-07-2005;30-06-2007;;Road Frames;LL Road Frame
727;LL Road Frame - Red, 52;FR-R38R-52;Red;187.1571;337.2200;01-07-2005;30-06-2007;;Road Frames;LL Road Frame
728;LL Road Frame - Red, 58;FR-R38R-58;Red;187.1571;337.2200;01-07-2005;30-06-2007;;Road Frames;LL Road Frame
729;LL Road Frame - Red, 60;FR-R38R-60;Red;187.1571;337.2200;01-07-2005;30-06-2007;;Road Frames;LL Road Frame
730;LL Road Frame - Red, 62;FR-R38R-62;Red;187.1571;337.2200;01-07-2005;30-06-2007;;Road Frames;LL Road Frame
731;ML Road Frame - Red, 44;FR-R72R-44;Red;352.1394;594.8300;01-07-2005;30-06-2006;;Road Frames;ML Road Frame
732;ML Road Frame - Red, 48;FR-R72R-48;Red;352.1394;594.8300;01-07-2005;30-06-2006;;Road Frames;ML Road Frame
733;ML Road Frame - Red, 52;FR-R72R-52;Red;352.1394;594.8300;01-07-2005;30-06-2006;;Road Frames;ML Road Frame
734;ML Road Frame - Red, 58;FR-R72R-58;Red;352.1394;594.8300;01-07-2005;30-06-2006;;Road Frames;ML Road Frame
735;ML Road Frame - Red, 60;FR-R72R-60;Red;352.1394;594.8300;01-07-2005;30-06-2006;;Road Frames;ML Road Frame
736;LL Road Frame - Black, 44;FR-R38B-44;Black;204.6251;337.2200;01-07-2005;;;Road Frames;LL Road Frame
737;LL Road Frame - Black, 48;FR-R38B-48;Black;204.6251;337.2200;01-07-2005;;;Road Frames;LL Road Frame
738;LL Road Frame - Black, 52;FR-R38B-52;Black;204.6251;337.2200;01-07-2005;;;Road Frames;LL Road Frame
739;HL Mountain Frame - Silver, 42;FR-M94S-42;Silver;747.2002;1364.5000;01-07-2005;;;Mountain Frames;HL Mountain Frame
740;HL Mountain Frame - Silver, 44;FR-M94S-44;Silver;706.8110;1364.5000;01-07-2005;30-06-2006;;Mountain Frames;HL Mountain Frame
741;HL Mountain Frame - Silver, 48;FR-M94S-52;Silver;706.8110;1364.5000;01-07-2005;30-06-2006;;Mountain Frames;HL Mountain Frame
742;HL Mountain Frame - Silver, 46;FR-M94S-46;Silver;747.2002;1364.5000;01-07-2005;;;Mountain Frames;HL Mountain Frame
743;HL Mountain Frame - Black, 42;FR-M94B-42;Black;739.0410;1349.6000;01-07-2005;;;Mountain Frames;HL Mountain Frame
744;HL Mountain Frame - Black, 44;FR-M94B-44;Black;699.0928;1349.6000;01-07-2005;30-06-2006;;Mountain Frames;HL Mountain Frame
745;HL Mountain Frame - Black, 48;FR-M94B-48;Black;699.0928;1349.6000;01-07-2005;30-06-2006;;Mountain Frames;HL Mountain Frame
746;HL Mountain Frame - Black, 46;FR-M94B-46;Black;739.0410;1349.6000;01-07-2005;;;Mountain Frames;HL Mountain Frame
747;HL Mountain Frame - Black, 38;FR-M94B-38;Black;739.0410;1349.6000;01-07-2005;;;Mountain Frames;HL Mountain Frame
748;HL Mountain Frame - Silver, 38;FR-M94S-38;Silver;747.2002;1364.5000;01-07-2005;;;Mountain Frames;HL Mountain Frame
749;Road-150 Red, 62;BK-R93R-62;Red;2171.2942;3578.2700;01-07-2005;30-06-2006;;Road Bikes;Road-150
750;Road-150 Red, 44;BK-R93R-44;Red;2171.2942;3578.2700;01-07-2005;30-06-2006;;Road Bikes;Road-150
751;Road-150 Red, 48;BK-R93R-48;Red;2171.2942;3578.2700;01-07-2005;30-06-2006;;Road Bikes;Road-150
752;Road-150 Red, 52;BK-R93R-52;Red;2171.2942;3578.2700;01-07-2005;30-06-2006;;Road Bikes;Road-150
753;Road-150 Red, 56;BK-R93R-56;Red;2171.2942;3578.2700;01-07-2005;30-06-2006;;Road Bikes;Road-150
754;Road-450 Red, 58;BK-R68R-58;Red;884.7083;1457.9900;01-07-2005;30-06-2006;;Road Bikes;Road-450
755;Road-450 Red, 60;BK-R68R-60;Red;884.7083;1457.9900;01-07-2005;30-06-2006;;Road Bikes;Road-450
756;Road-450 Red, 44;BK-R68R-44;Red;884.7083;1457.9900;01-07-2005;30-06-2006;;Road Bikes;Road-450
757;Road-450 Red, 48;BK-R68R-48;Red;884.7083;1457.9900;01-07-2005;30-06-2006;;Road Bikes;Road-450
758;Road-450 Red, 52;BK-R68R-52;Red;884.7083;1457.9900;01-07-2005;30-06-2006;;Road Bikes;Road-450
759;Road-650 Red, 58;BK-R50R-58;Red;486.7066;782.9900;01-07-2005;30-06-2007;;Road Bikes;Road-650
760;Road-650 Red, 60;BK-R50R-60;Red;486.7066;782.9900;01-07-2005;30-06-2007;;Road Bikes;Road-650
761;Road-650 Red, 62;BK-R50R-62;Red;486.7066;782.9900;01-07-2005;30-06-2007;;Road Bikes;Road-650
762;Road-650 Red, 44;BK-R50R-44;Red;486.7066;782.9900;01-07-2005;30-06-2007;;Road Bikes;Road-650
763;Road-650 Red, 48;BK-R50R-48;Red;486.7066;782.9900;01-07-2005;30-06-2007;;Road Bikes;Road-650
764;Road-650 Red, 52;BK-R50R-52;Red;486.7066;782.9900;01-07-2005;30-06-2007;;Road Bikes;Road-650
765;Road-650 Black, 58;BK-R50B-58;Black;486.7066;782.9900;01-07-2005;30-06-2007;;Road Bikes;Road-650
766;Road-650 Black, 60;BK-R50B-60;Black;486.7066;782.9900;01-07-2005;30-06-2007;;Road Bikes;Road-650
767;Road-650 Black, 62;BK-R50B-62;Black;486.7066;782.9900;01-07-2005;30-06-2007;;Road Bikes;Road-650
768;Road-650 Black, 44;BK-R50B-44;Black;486.7066;782.9900;01-07-2005;30-06-2007;;Road Bikes;Road-650
769;Road-650 Black, 48;BK-R50B-48;Black;486.7066;782.9900;01-07-2005;30-06-2007;;Road Bikes;Road-650
770;Road-650 Black, 52;BK-R50B-52;Black;486.7066;782.9900;01-07-2005;30-06-2007;;Road Bikes;Road-650
771;Mountain-100 Silver, 38;BK-M82S-38;Silver;1912.1544;3399.9900;01-07-2005;30-06-2006;;Mountain Bikes;Mountain-100
772;Mountain-100 Silver, 42;BK-M82S-42;Silver;1912.1544;3399.9900;01-07-2005;30-06-2006;;Mountain Bikes;Mountain-100
773;Mountain-100 Silver, 44;BK-M82S-44;Silver;1912.1544;3399.9900;01-07-2005;30-06-2006;;Mountain Bikes;Mountain-100
774;Mountain-100 Silver, 48;BK-M82S-48;Silver;1912.1544;3399.9900;01-07-2005;30-06-2006;;Mountain Bikes;Mountain-100
775;Mountain-100 Black, 38;BK-M82B-38;Black;1898.0944;3374.9900;01-07-2005;30-06-2006;;Mountain Bikes;Mountain-100
776;Mountain-100 Black, 42;BK-M82B-42;Black;1898.0944;3374.9900;01-07-2005;30-06-2006;;Mountain Bikes;Mountain-100
777;Mountain-100 Black, 44;BK-M82B-44;Black;1898.0944;3374.9900;01-07-2005;30-06-2006;;Mountain Bikes;Mountain-100
778;Mountain-100 Black, 48;BK-M82B-48;Black;1898.0944;3374.9900;01-07-2005;30-06-2006;;Mountain Bikes;Mountain-100
779;Mountain-200 Silver, 38;BK-M68S-38;Silver;1265.6195;2319.9900;01-07-2006;;;Mountain Bikes;Mountain-200
780;Mountain-200 Silver, 42;BK-M68S-42;Silver;1265.6195;2319.9900;01-07-2006;;;Mountain Bikes;Mountain-200
781;Mountain-200 Silver, 46;BK-M68S-46;Silver;1265.6195;2319.9900;01-07-2006;;;Mountain Bikes;Mountain-200
782;Mountain-200 Black, 38;BK-M68B-38;Black;1251.9813;2294.9900;01-07-2006;;;Mountain Bikes;Mountain-200
783;Mountain-200 Black, 42;BK-M68B-42;Black;1251.9813;2294.9900;01-07-2006;;;Mountain Bikes;Mountain-200
784;Mountain-200 Black, 46;BK-M68B-46;Black;1251.9813;2294.9900;01-07-2006;;;Mountain Bikes;Mountain-200
785;Mountain-300 Black, 38;BK-M47B-38;Black;598.4354;1079.9900;01-07-2006;30-06-2007;;Mountain Bikes;Mountain-300
786;Mountain-300 Black, 40;BK-M47B-40;Black;598.4354;1079.9900;01-07-2006;30-06-2007;;Mountain Bikes;Mountain-300
787;Mountain-300 Black, 44;BK-M47B-44;Black;598.4354;1079.9900;01-07-2006;30-06-2007;;Mountain Bikes;Mountain-300
788;Mountain-300 Black, 48;BK-M47B-48;Black;598.4354;1079.9900;01-07-2006;30-06-2007;;Mountain Bikes;Mountain-300
789;Road-250 Red, 44;BK-R89R-44;Red;1518.7864;2443.3500;01-07-2006;30-06-2007;;Road Bikes;Road-250
790;Road-250 Red, 48;BK-R89R-48;Red;1518.7864;2443.3500;01-07-2006;30-06-2007;;Road Bikes;Road-250
791;Road-250 Red, 52;BK-R89R-52;Red;1518.7864;2443.3500;01-07-2006;30-06-2007;;Road Bikes;Road-250
792;Road-250 Red, 58;BK-R89R-58;Red;1554.9479;2443.3500;01-07-2006;;;Road Bikes;Road-250
793;Road-250 Black, 44;BK-R89B-44;Black;1554.9479;2443.3500;01-07-2006;;;Road Bikes;Road-250
794;Road-250 Black, 48;BK-R89B-48;Black;1554.9479;2443.3500;01-07-2006;;;Road Bikes;Road-250
795;Road-250 Black, 52;BK-R89B-52;Black;1554.9479;2443.3500;01-07-2006;;;Road Bikes;Road-250
796;Road-250 Black, 58;BK-R89B-58;Black;1554.9479;2443.3500;01-07-2006;;;Road Bikes;Road-250
797;Road-550-W Yellow, 38;BK-R64Y-38;Yellow;713.0798;1120.4900;01-07-2006;;;Road Bikes;Road-550-W
798;Road-550-W Yellow, 40;BK-R64Y-40;Yellow;713.0798;1120.4900;01-07-2006;;;Road Bikes;Road-550-W
799;Road-550-W Yellow, 42;BK-R64Y-42;Yellow;713.0798;1120.4900;01-07-2006;;;Road Bikes;Road-550-W
800;Road-550-W Yellow, 44;BK-R64Y-44;Yellow;713.0798;1120.4900;01-07-2006;;;Road Bikes;Road-550-W
801;Road-550-W Yellow, 48;BK-R64Y-48;Yellow;713.0798;1120.4900;01-07-2006;;;Road Bikes;Road-550-W
802;LL Fork;FK-1639;;65.8097;148.2200;01-07-2006;30-06-2007;;Forks;LL Fork
803;ML Fork;FK-5136;;77.9176;175.4900;01-07-2006;30-06-2007;;Forks;ML Fork
804;HL Fork;FK-9939;;101.8936;229.4900;01-07-2006;30-06-2007;;Forks;HL Fork
805;LL Headset;HS-0296;;15.1848;34.2000;01-07-2006;30-06-2007;;Headsets;LL Headset
806;ML Headset;HS-2451;;45.4168;102.2900;01-07-2006;30-06-2007;;Headsets;ML Headset
807;HL Headset;HS-3479;;55.3801;124.7300;01-07-2006;30-06-2007;;Headsets;HL Headset
808;LL Mountain Handlebars;HB-M243;;19.7758;44.5400;01-07-2006;;;Handlebars;LL Mountain Handlebars
809;ML Mountain Handlebars;HB-M763;;27.4925;61.9200;01-07-2006;;;Handlebars;ML Mountain Handlebars
810;HL Mountain Handlebars;HB-M918;;53.3999;120.2700;01-07-2006;;;Handlebars;HL Mountain Handlebars
811;LL Road Handlebars;HB-R504;;19.7758;44.5400;01-07-2006;;;Handlebars;LL Road Handlebars
812;ML Road Handlebars;HB-R720;;27.4925;61.9200;01-07-2006;;;Handlebars;ML Road Handlebars
813;HL Road Handlebars;HB-R956;;53.3999;120.2700;01-07-2006;;;Handlebars;HL Road Handlebars
814;ML Mountain Frame - Black, 38;FR-M63B-38;Black;185.8193;348.7600;01-07-2006;30-06-2007;;Mountain Frames;ML Mountain Frame-W
815;LL Mountain Front Wheel;FW-M423;Black;26.9708;60.7450;01-07-2006;30-06-2007;;Wheels;LL Mountain Front Wheel
816;ML Mountain Front Wheel;FW-M762;Black;92.8071;209.0250;01-07-2006;30-06-2007;;Wheels;ML Mountain Front Wheel
817;HL Mountain Front Wheel;FW-M928;Black;133.2955;300.2150;01-07-2006;30-06-2007;;Wheels;HL Mountain Front Wheel
818;LL Road Front Wheel;FW-R623;Black;37.9909;85.5650;01-07-2006;30-06-2007;;Wheels;LL Road Front Wheel
819;ML Road Front Wheel;FW-R762;Black;110.2829;248.3850;01-07-2006;30-06-2007;;Wheels;ML Road Front Wheel
820;HL Road Front Wheel;FW-R820;Black;146.5466;330.0600;01-07-2006;30-06-2007;;Wheels;HL Road Front Wheel
821;Touring Front Wheel;FW-T905;Black;96.7964;218.0100;01-07-2006;30-06-2007;;Wheels;Touring Front Wheel
822;ML Road Frame-W - Yellow, 38;FR-R72Y-38;Yellow;360.9428;594.8300;01-07-2006;;;Road Frames;ML Road Frame-W
823;LL Mountain Rear Wheel;RW-M423;Black;38.9588;87.7450;01-07-2006;30-06-2007;;Wheels;LL Mountain Rear Wheel
824;ML Mountain Rear Wheel;RW-M762;Black;104.7951;236.0250;01-07-2006;30-06-2007;;Wheels;ML Mountain Rear Wheel
825;HL Mountain Rear Wheel;RW-M928;Black;145.2835;327.2150;01-07-2006;30-06-2007;;Wheels;HL Mountain Rear Wheel
826;LL Road Rear Wheel;RW-R623;Black;49.9789;112.5650;01-07-2006;30-06-2007;;Wheels;LL Road Rear Wheel
827;ML Road Rear Wheel;RW-R762;Black;122.2709;275.3850;01-07-2006;30-06-2007;;Wheels;ML Road Rear Wheel
828;HL Road Rear Wheel;RW-R820;Black;158.5346;357.0600;01-07-2006;30-06-2007;;Wheels;HL Road Rear Wheel
829;Touring Rear Wheel;RW-T905;Black;108.7844;245.0100;01-07-2006;30-06-2007;;Wheels;Touring Rear Wheel
830;ML Mountain Frame - Black, 40;FR-M63B-40;Black;185.8193;348.7600;01-07-2006;30-06-2007;;Mountain Frames;ML Mountain Frame
831;ML Mountain Frame - Black, 44;FR-M63B-44;Black;185.8193;348.7600;01-07-2006;30-06-2007;;Mountain Frames;ML Mountain Frame
832;ML Mountain Frame - Black, 48;FR-M63B-48;Black;185.8193;348.7600;01-07-2006;30-06-2007;;Mountain Frames;ML Mountain Frame
833;ML Road Frame-W - Yellow, 40;FR-R72Y-40;Yellow;360.9428;594.8300;01-07-2006;;;Road Frames;ML Road Frame-W
834;ML Road Frame-W - Yellow, 42;FR-R72Y-42;Yellow;360.9428;594.8300;01-07-2006;;;Road Frames;ML Road Frame-W
835;ML Road Frame-W - Yellow, 44;FR-R72Y-44;Yellow;360.9428;594.8300;01-07-2006;;;Road Frames;ML Road Frame-W
836;ML Road Frame-W - Yellow, 48;FR-R72Y-48;Yellow;360.9428;594.8300;01-07-2006;;;Road Frames;ML Road Frame-W
837;HL Road Frame - Black, 62;FR-R92B-62;Black;868.6342;1431.5000;01-07-2006;;;Road Frames;HL Road Frame
838;HL Road Frame - Black, 44;FR-R92B-44;Black;868.6342;1431.5000;01-07-2006;;;Road Frames;HL Road Frame
839;HL Road Frame - Black, 48;FR-R92B-48;Black;868.6342;1431.5000;01-07-2006;;;Road Frames;HL Road Frame
840;HL Road Frame - Black, 52;FR-R92B-52;Black;868.6342;1431.5000;01-07-2006;;;Road Frames;HL Road Frame
841;Men's Sports Shorts, S;SH-M897-S;Black;24.7459;59.9900;01-07-2006;30-06-2007;;Shorts;Men's Sports Shorts
842;Touring-Panniers, Large;PA-T100;Grey;51.5625;125.0000;01-07-2006;30-06-2007;;Panniers;Touring-Panniers
843;Cable Lock;LO-C100;;10.3125;25.0000;01-07-2006;30-06-2007;;Locks;Cable Lock
844;Minipump;PU-0452;;8.2459;19.9900;01-07-2006;30-06-2007;;Pumps;Minipump
845;Mountain Pump;PU-M044;;10.3084;24.9900;01-07-2006;30-06-2007;;Pumps;Mountain Pump
846;Taillights - Battery-Powered;LT-T990;;5.7709;13.9900;01-07-2006;30-06-2007;;Lights;Taillight
847;Headlights - Dual-Beam;LT-H902;;14.4334;34.9900;01-07-2006;30-06-2007;;Lights;Headlights - Dual-Beam
848;Headlights - Weatherproof;LT-H903;;18.5584;44.9900;01-07-2006;30-06-2007;;Lights;Headlights - Weatherproof
849;Men's Sports Shorts, M;SH-M897-M;Black;24.7459;59.9900;01-07-2006;30-06-2007;;Shorts;Men's Sports Shorts
850;Men's Sports Shorts, L;SH-M897-L;Black;24.7459;59.9900;01-07-2006;30-06-2007;;Shorts;Men's Sports Shorts
851;Men's Sports Shorts, XL;SH-M897-X;Black;24.7459;59.9900;01-07-2006;30-06-2007;;Shorts;Men's Sports Shorts
852;Women's Tights, S;TG-W091-S;Black;30.9334;74.9900;01-07-2006;30-06-2007;;Tights;Women's Tights
853;Women's Tights, M;TG-W091-M;Black;30.9334;74.9900;01-07-2006;30-06-2007;;Tights;Women's Tights
854;Women's Tights, L;TG-W091-L;Black;30.9334;74.9900;01-07-2006;30-06-2007;;Tights;Women's Tights
855;Men's Bib-Shorts, S;SB-M891-S;Multi;37.1209;89.9900;01-07-2006;30-06-2007;;Bib-Shorts;Men's Bib-Shorts
856;Men's Bib-Shorts, M;SB-M891-M;Multi;37.1209;89.9900;01-07-2006;30-06-2007;;Bib-Shorts;Men's Bib-Shorts
857;Men's Bib-Shorts, L;SB-M891-L;Multi;37.1209;89.9900;01-07-2006;30-06-2007;;Bib-Shorts;Men's Bib-Shorts
858;Half-Finger Gloves, S;GL-H102-S;Black;9.1593;24.4900;01-07-2006;;;Gloves;Half-Finger Gloves
859;Half-Finger Gloves, M;GL-H102-M;Black;9.1593;24.4900;01-07-2006;;;Gloves;Half-Finger Gloves
860;Half-Finger Gloves, L;GL-H102-L;Black;9.1593;24.4900;01-07-2006;;;Gloves;Half-Finger Gloves
861;Full-Finger Gloves, S;GL-F110-S;Black;15.6709;37.9900;01-07-2006;30-06-2007;;Gloves;Full-Finger Gloves
862;Full-Finger Gloves, M;GL-F110-M;Black;15.6709;37.9900;01-07-2006;30-06-2007;;Gloves;Full-Finger Gloves
863;Full-Finger Gloves, L;GL-F110-L;Black;15.6709;37.9900;01-07-2006;30-06-2007;;Gloves;Full-Finger Gloves
864;Classic Vest, S;VE-C304-S;Blue;23.7490;63.5000;01-07-2007;;;Vests;Classic Vest
865;Classic Vest, M;VE-C304-M;Blue;23.7490;63.5000;01-07-2007;;;Vests;Classic Vest
866;Classic Vest, L;VE-C304-L;Blue;23.7490;63.5000;01-07-2007;;;Vests;Classic Vest
867;Women's Mountain Shorts, S;SH-W890-S;Black;26.1763;69.9900;01-07-2007;;;Shorts;Women's Mountain Shorts
868;Women's Mountain Shorts, M;SH-W890-M;Black;26.1763;69.9900;01-07-2007;;;Shorts;Women's Mountain Shorts
869;Women's Mountain Shorts, L;SH-W890-L;Black;26.1763;69.9900;01-07-2007;;;Shorts;Women's Mountain Shorts
870;Water Bottle - 30 oz.;WB-H098;;1.8663;4.9900;01-07-2007;;;Bottles and Cages;Water Bottle
871;Mountain Bottle Cage;BC-M005;;3.7363;9.9900;01-07-2007;;;Bottles and Cages;Mountain Bottle Cage
872;Road Bottle Cage;BC-R205;;3.3623;8.9900;01-07-2007;;;Bottles and Cages;Road Bottle Cage
873;Patch Kit/8 Patches;PK-7098;;0.8565;2.2900;01-07-2007;;;Tires and Tubes;Patch kit
874;Racing Socks, M;SO-R809-M;White;3.3623;8.9900;01-07-2007;;;Socks;Racing Socks
875;Racing Socks, L;SO-R809-L;White;3.3623;8.9900;01-07-2007;;;Socks;Racing Socks
876;Hitch Rack - 4-Bike;RA-H123;;44.8800;120.0000;01-07-2007;;;Bike Racks;Hitch Rack - 4-Bike
877;Bike Wash - Dissolver;CL-9009;;2.9733;7.9500;01-07-2007;;;Cleaners;Bike Wash
878;Fender Set - Mountain;FE-6654;;8.2205;21.9800;01-07-2007;;;Fenders;Fender Set - Mountain
879;All-Purpose Bike Stand;ST-1401;;59.4660;159.0000;01-07-2007;;;Bike Stands;All-Purpose Bike Stand
880;Hydration Pack - 70 oz.;HY-1023-70;Silver;20.5663;54.9900;01-07-2007;;;Hydration Packs;Hydration Pack
881;Short-Sleeve Classic Jersey, S;SJ-0194-S;Yellow;41.5723;53.9900;01-07-2007;;;Jerseys;Short-Sleeve Classic Jersey
882;Short-Sleeve Classic Jersey, M;SJ-0194-M;Yellow;41.5723;53.9900;01-07-2007;;;Jerseys;Short-Sleeve Classic Jersey
883;Short-Sleeve Classic Jersey, L;SJ-0194-L;Yellow;41.5723;53.9900;01-07-2007;;;Jerseys;Short-Sleeve Classic Jersey
884;Short-Sleeve Classic Jersey, XL;SJ-0194-X;Yellow;41.5723;53.9900;01-07-2007;;;Jerseys;Short-Sleeve Classic Jersey
885;HL Touring Frame - Yellow, 60;FR-T98Y-60;Yellow;601.7437;1003.9100;01-07-2007;;;Touring Frames;HL Touring Frame
886;LL Touring Frame - Yellow, 62;FR-T67Y-62;Yellow;199.8519;333.4200;01-07-2007;;;Touring Frames;LL Touring Frame
887;HL Touring Frame - Yellow, 46;FR-T98Y-46;Yellow;601.7437;1003.9100;01-07-2007;;;Touring Frames;HL Touring Frame
888;HL Touring Frame - Yellow, 50;FR-T98Y-50;Yellow;601.7437;1003.9100;01-07-2007;;;Touring Frames;HL Touring Frame
889;HL Touring Frame - Yellow, 54;FR-T98Y-54;Yellow;601.7437;1003.9100;01-07-2007;;;Touring Frames;HL Touring Frame
890;HL Touring Frame - Blue, 46;FR-T98U-46;Blue;601.7437;1003.9100;01-07-2007;;;Touring Frames;HL Touring Frame
891;HL Touring Frame - Blue, 50;FR-T98U-50;Blue;601.7437;1003.9100;01-07-2007;;;Touring Frames;HL Touring Frame
892;HL Touring Frame - Blue, 54;FR-T98U-54;Blue;601.7437;1003.9100;01-07-2007;;;Touring Frames;HL Touring Frame
893;HL Touring Frame - Blue, 60;FR-T98U-60;Blue;601.7437;1003.9100;01-07-2007;;;Touring Frames;HL Touring Frame
894;Rear Derailleur;RD-2308;Silver;53.9282;121.4600;01-07-2007;;;Derailleurs;Rear Derailleur
895;LL Touring Frame - Blue, 50;FR-T67U-50;Blue;199.8519;333.4200;01-07-2007;;;Touring Frames;LL Touring Frame
896;LL Touring Frame - Blue, 54;FR-T67U-54;Blue;199.8519;333.4200;01-07-2007;;;Touring Frames;LL Touring Frame
897;LL Touring Frame - Blue, 58;FR-T67U-58;Blue;199.8519;333.4200;01-07-2007;;;Touring Frames;LL Touring Frame
898;LL Touring Frame - Blue, 62;FR-T67U-62;Blue;199.8519;333.4200;01-07-2007;;;Touring Frames;LL Touring Frame
899;LL Touring Frame - Yellow, 44;FR-T67Y-44;Yellow;199.8519;333.4200;01-07-2007;;;Touring Frames;LL Touring Frame
900;LL Touring Frame - Yellow, 50;FR-T67Y-50;Yellow;199.8519;333.4200;01-07-2007;;;Touring Frames;LL Touring Frame
901;LL Touring Frame - Yellow, 54;FR-T67Y-54;Yellow;199.8519;333.4200;01-07-2007;;;Touring Frames;LL Touring Frame
902;LL Touring Frame - Yellow, 58;FR-T67Y-58;Yellow;199.8519;333.4200;01-07-2007;;;Touring Frames;LL Touring Frame
903;LL Touring Frame - Blue, 44;FR-T67U-44;Blue;199.8519;333.4200;01-07-2007;;;Touring Frames;LL Touring Frame
904;ML Mountain Frame-W - Silver, 40;FR-M63S-40;Silver;199.3757;364.0900;01-07-2007;;;Mountain Frames;ML Mountain Frame-W
905;ML Mountain Frame-W - Silver, 42;FR-M63S-42;Silver;199.3757;364.0900;01-07-2007;;;Mountain Frames;ML Mountain Frame-W
906;ML Mountain Frame-W - Silver, 46;FR-M63S-46;Silver;199.3757;364.0900;01-07-2007;;;Mountain Frames;ML Mountain Frame-W
907;Rear Brakes;RB-9231;Silver;47.2860;106.5000;01-07-2007;;;Brakes;Rear Brakes
908;LL Mountain Seat/Saddle;SE-M236;;12.0413;27.1200;01-07-2007;;;Saddles;LL Mountain Seat/Saddle 2
909;ML Mountain Seat/Saddle;SE-M798;;17.3782;39.1400;01-07-2007;;;Saddles;ML Mountain Seat/Saddle 2
910;HL Mountain Seat/Saddle;SE-M940;;23.3722;52.6400;01-07-2007;;;Saddles;HL Mountain Seat/Saddle 2
911;LL Road Seat/Saddle;SE-R581;;12.0413;27.1200;01-07-2007;;;Saddles;LL Road Seat/Saddle 1
912;ML Road Seat/Saddle;SE-R908;;17.3782;39.1400;01-07-2007;;;Saddles;ML Road Seat/Saddle 2
913;HL Road Seat/Saddle;SE-R995;;23.3722;52.6400;01-07-2007;;;Saddles;HL Road Seat/Saddle 2
914;LL Touring Seat/Saddle;SE-T312;;12.0413;27.1200;01-07-2007;;;Saddles;LL Touring Seat/Saddle
915;ML Touring Seat/Saddle;SE-T762;;17.3782;39.1400;01-07-2007;;;Saddles;ML Touring Seat/Saddle
916;HL Touring Seat/Saddle;SE-T924;;23.3722;52.6400;01-07-2007;;;Saddles;HL Touring Seat/Saddle
917;LL Mountain Frame - Silver, 42;FR-M21S-42;Silver;144.5938;264.0500;01-07-2007;;;Mountain Frames;LL Mountain Frame
918;LL Mountain Frame - Silver, 44;FR-M21S-44;Silver;144.5938;264.0500;01-07-2007;;;Mountain Frames;LL Mountain Frame
919;LL Mountain Frame - Silver, 48;FR-M21S-48;Silver;144.5938;264.0500;01-07-2007;;;Mountain Frames;LL Mountain Frame
920;LL Mountain Frame - Silver, 52;FR-M21S-52;Silver;144.5938;264.0500;01-07-2007;;;Mountain Frames;LL Mountain Frame
921;Mountain Tire Tube;TT-M928;;1.8663;4.9900;01-07-2007;;;Tires and Tubes;Mountain Tire Tube
922;Road Tire Tube;TT-R982;;1.4923;3.9900;01-07-2007;;;Tires and Tubes;Road Tire Tube
923;Touring Tire Tube;TT-T092;;1.8663;4.9900;01-07-2007;;;Tires and Tubes;Touring Tire Tube
924;LL Mountain Frame - Black, 42;FR-M21B-42;Black;136.7850;249.7900;01-07-2007;;;Mountain Frames;LL Mountain Frame
925;LL Mountain Frame - Black, 44;FR-M21B-44;Black;136.7850;249.7900;01-07-2007;;;Mountain Frames;LL Mountain Frame
926;LL Mountain Frame - Black, 48;FR-M21B-48;Black;136.7850;249.7900;01-07-2007;;;Mountain Frames;LL Mountain Frame
927;LL Mountain Frame - Black, 52;FR-M21B-52;Black;136.7850;249.7900;01-07-2007;;;Mountain Frames;LL Mountain Frame
928;LL Mountain Tire;TI-M267;;9.3463;24.9900;01-07-2007;;;Tires and Tubes;LL Mountain Tire
929;ML Mountain Tire;TI-M602;;11.2163;29.9900;01-07-2007;;;Tires and Tubes;ML Mountain Tire
930;HL Mountain Tire;TI-M823;;13.0900;35.0000;01-07-2007;;;Tires and Tubes;HL Mountain Tire
931;LL Road Tire;TI-R092;;8.0373;21.4900;01-07-2007;;;Tires and Tubes;LL Road Tire
932;ML Road Tire;TI-R628;;9.3463;24.9900;01-07-2007;;;Tires and Tubes;ML Road Tire
933;HL Road Tire;TI-R982;;12.1924;32.6000;01-07-2007;;;Tires and Tubes;HL Road Tire
934;Touring Tire;TI-T723;;10.8423;28.9900;01-07-2007;;;Tires and Tubes;Touring Tire
935;LL Mountain Pedal;PD-M282;Silver/Black;17.9776;40.4900;01-07-2007;;;Pedals;LL Mountain Pedal
936;ML Mountain Pedal;PD-M340;Silver/Black;27.5680;62.0900;01-07-2007;;;Pedals;ML Mountain Pedal
937;HL Mountain Pedal;PD-M562;Silver/Black;35.9596;80.9900;01-07-2007;;;Pedals;HL Mountain Pedal
938;LL Road Pedal;PD-R347;Silver/Black;17.9776;40.4900;01-07-2007;;;Pedals;LL Road Pedal
939;ML Road Pedal;PD-R563;Silver/Black;27.5680;62.0900;01-07-2007;;;Pedals;ML Road Pedal
940;HL Road Pedal;PD-R853;Silver/Black;35.9596;80.9900;01-07-2007;;;Pedals;HL Road Pedal
941;Touring Pedal;PD-T852;Silver/Black;35.9596;80.9900;01-07-2007;;;Pedals;Touring Pedal
942;ML Mountain Frame-W - Silver, 38;FR-M63S-38;Silver;199.3757;364.0900;01-07-2007;;;Mountain Frames;ML Mountain Frame-W
943;LL Mountain Frame - Black, 40;FR-M21B-40;Black;136.7850;249.7900;01-07-2007;;;Mountain Frames;LL Mountain Frame
944;LL Mountain Frame - Silver, 40;FR-M21S-40;Silver;144.5938;264.0500;01-07-2007;;;Mountain Frames;LL Mountain Frame
945;Front Derailleur;FD-2342;Silver;40.6216;91.4900;01-07-2007;;;Derailleurs;Front Derailleur
946;LL Touring Handlebars;HB-T721;;20.4640;46.0900;01-07-2007;;;Handlebars;LL Touring Handlebars
947;HL Touring Handlebars;HB-T928;;40.6571;91.5700;01-07-2007;;;Handlebars;HL Touring Handlebars
948;Front Brakes;FB-9873;Silver;47.2860;106.5000;01-07-2007;;;Brakes;Front Brakes
949;LL Crankset;CS-4759;Black;77.9176;175.4900;01-07-2007;;;Cranksets;LL Crankset
950;ML Crankset;CS-6583;Black;113.8816;256.4900;01-07-2007;;;Cranksets;ML Crankset
951;HL Crankset;CS-9183;Black;179.8156;404.9900;01-07-2007;;;Cranksets;HL Crankset
952;Chain;CH-0234;Silver;8.9866;20.2400;01-07-2007;;;Chains;Chain
953;Touring-2000 Blue, 60;BK-T44U-60;Blue;755.1508;1214.8500;01-07-2007;;;Touring Bikes;Touring-2000
954;Touring-1000 Yellow, 46;BK-T79Y-46;Yellow;1481.9379;2384.0700;01-07-2007;;;Touring Bikes;Touring-1000
955;Touring-1000 Yellow, 50;BK-T79Y-50;Yellow;1481.9379;2384.0700;01-07-2007;;;Touring Bikes;Touring-1000
956;Touring-1000 Yellow, 54;BK-T79Y-54;Yellow;1481.9379;2384.0700;01-07-2007;;;Touring Bikes;Touring-1000
957;Touring-1000 Yellow, 60;BK-T79Y-60;Yellow;1481.9379;2384.0700;01-07-2007;;;Touring Bikes;Touring-1000
958;Touring-3000 Blue, 54;BK-T18U-54;Blue;461.4448;742.3500;01-07-2007;;;Touring Bikes;Touring-3000
959;Touring-3000 Blue, 58;BK-T18U-58;Blue;461.4448;742.3500;01-07-2007;;;Touring Bikes;Touring-3000
960;Touring-3000 Blue, 62;BK-T18U-62;Blue;461.4448;742.3500;01-07-2007;;;Touring Bikes;Touring-3000
961;Touring-3000 Yellow, 44;BK-T18Y-44;Yellow;461.4448;742.3500;01-07-2007;;;Touring Bikes;Touring-3000
962;Touring-3000 Yellow, 50;BK-T18Y-50;Yellow;461.4448;742.3500;01-07-2007;;;Touring Bikes;Touring-3000
963;Touring-3000 Yellow, 54;BK-T18Y-54;Yellow;461.4448;742.3500;01-07-2007;;;Touring Bikes;Touring-3000
964;Touring-3000 Yellow, 58;BK-T18Y-58;Yellow;461.4448;742.3500;01-07-2007;;;Touring Bikes;Touring-3000
965;Touring-3000 Yellow, 62;BK-T18Y-62;Yellow;461.4448;742.3500;01-07-2007;;;Touring Bikes;Touring-3000
966;Touring-1000 Blue, 46;BK-T79U-46;Blue;1481.9379;2384.0700;01-07-2007;;;Touring Bikes;Touring-1000
967;Touring-1000 Blue, 50;BK-T79U-50;Blue;1481.9379;2384.0700;01-07-2007;;;Touring Bikes;Touring-1000
968;Touring-1000 Blue, 54;BK-T79U-54;Blue;1481.9379;2384.0700;01-07-2007;;;Touring Bikes;Touring-1000
969;Touring-1000 Blue, 60;BK-T79U-60;Blue;1481.9379;2384.0700;01-07-2007;;;Touring Bikes;Touring-1000
970;Touring-2000 Blue, 46;BK-T44U-46;Blue;755.1508;1214.8500;01-07-2007;;;Touring Bikes;Touring-2000
971;Touring-2000 Blue, 50;BK-T44U-50;Blue;755.1508;1214.8500;01-07-2007;;;Touring Bikes;Touring-2000
972;Touring-2000 Blue, 54;BK-T44U-54;Blue;755.1508;1214.8500;01-07-2007;;;Touring Bikes;Touring-2000
973;Road-350-W Yellow, 40;BK-R79Y-40;Yellow;1082.5100;1700.9900;01-07-2007;;;Road Bikes;Road-350-W
974;Road-350-W Yellow, 42;BK-R79Y-42;Yellow;1082.5100;1700.9900;01-07-2007;;;Road Bikes;Road-350-W
975;Road-350-W Yellow, 44;BK-R79Y-44;Yellow;1082.5100;1700.9900;01-07-2007;;;Road Bikes;Road-350-W
976;Road-350-W Yellow, 48;BK-R79Y-48;Yellow;1082.5100;1700.9900;01-07-2007;;;Road Bikes;Road-350-W
977;Road-750 Black, 58;BK-R19B-58;Black;343.6496;539.9900;01-07-2007;;;Road Bikes;Road-750
978;Touring-3000 Blue, 44;BK-T18U-44;Blue;461.4448;742.3500;01-07-2007;;;Touring Bikes;Touring-3000
979;Touring-3000 Blue, 50;BK-T18U-50;Blue;461.4448;742.3500;01-07-2007;;;Touring Bikes;Touring-3000
980;Mountain-400-W Silver, 38;BK-M38S-38;Silver;419.7784;769.4900;01-07-2007;;;Mountain Bikes;Mountain-400-W
981;Mountain-400-W Silver, 40;BK-M38S-40;Silver;419.7784;769.4900;01-07-2007;;;Mountain Bikes;Mountain-400-W
982;Mountain-400-W Silver, 42;BK-M38S-42;Silver;419.7784;769.4900;01-07-2007;;;Mountain Bikes;Mountain-400-W
983;Mountain-400-W Silver, 46;BK-M38S-46;Silver;419.7784;769.4900;01-07-2007;;;Mountain Bikes;Mountain-400-W
984;Mountain-500 Silver, 40;BK-M18S-40;Silver;308.2179;564.9900;01-07-2007;;;Mountain Bikes;Mountain-500
985;Mountain-500 Silver, 42;BK-M18S-42;Silver;308.2179;564.9900;01-07-2007;;;Mountain Bikes;Mountain-500
986;Mountain-500 Silver, 44;BK-M18S-44;Silver;308.2179;564.9900;01-07-2007;;;Mountain Bikes;Mountain-500
987;Mountain-500 Silver, 48;BK-M18S-48;Silver;308.2179;564.9900;01-07-2007;;;Mountain Bikes;Mountain-500
988;Mountain-500 Silver, 52;BK-M18S-52;Silver;308.2179;564.9900;01-07-2007;;;Mountain Bikes;Mountain-500
989;Mountain-500 Black, 40;BK-M18B-40;Black;294.5797;539.9900;01-07-2007;;;Mountain Bikes;Mountain-500
990;Mountain-500 Black, 42;BK-M18B-42;Black;294.5797;539.9900;01-07-2007;;;Mountain Bikes;Mountain-500
991;Mountain-500 Black, 44;BK-M18B-44;Black;294.5797;539.9900;01-07-2007;;;Mountain Bikes;Mountain-500
992;Mountain-500 Black, 48;BK-M18B-48;Black;294.5797;539.9900;01-07-2007;;;Mountain Bikes;Mountain-500
993;Mountain-500 Black, 52;BK-M18B-52;Black;294.5797;539.9900;01-07-2007;;;Mountain Bikes;Mountain-500
994;LL Bottom Bracket;BB-7421;;23.9716;53.9900;01-07-2007;;;Bottom Brackets;LL Bottom Bracket
995;ML Bottom Bracket;BB-8107;;44.9506;101.2400;01-07-2007;;;Bottom Brackets;ML Bottom Bracket
996;HL Bottom Bracket;BB-9108;;53.9416;121.4900;01-07-2007;;;Bottom Brackets;HL Bottom Bracket
997;Road-750 Black, 44;BK-R19B-44;Black;343.6496;539.9900;01-07-2007;;;Road Bikes;Road-750
998;Road-750 Black, 48;BK-R19B-48;Black;343.6496;539.9900;01-07-2007;;;Road Bikes;Road-750
999;Road-750 Black, 52;BK-R19B-52;Black;343.6496;539.9900;01-07-2007;;;Road Bikes;Road-750
